Faction,Coût,Atk,PV,Unique,Type,Nom,Pouvoir,Trait,Mots clés,Remarques,Status,Colonne 1
,1,,,,Plan,Arsenal,"A l'instant: Cherchez dans votre deck une carte équipement que vous révélez. Si le coût de la carte imprimé est de 1OR ou moins vous pouvez défausser une carte de votre main pour la mettre en jeu gratuitement, sinon prenez la main.",Royaume,,"3 d'init ? En gros c'est aller chercher un équipement, et mettre en jeu est secondaire vu qu'une bonne partie est rapide",A faire,
Une force irresistible attire l'ennemi vers cette étendard,2,,,,Équipement,Bannière de provocation,"(UNITE A VOUS) Quand l'unité équipée est assignée en attaque, vous pouvez prendre une unité dans la Citadelle de votre adversaire et la mettre en défense dans le lieu ou vous venez d'assigner l'unité équipée.",Bannière,Fragile,A tester voir si pas trop faible,A faire,
,3,,,,Équipement,Havre,"(LIEU A VOUS) Le lieu équipé a +3PV et à la fin d’un combat dans ce lieu après que les survivants soient retournés à leur Citadelle, toutes vos unités ayant participé au combat se soignent de 1 dommage",Fortification,Rapide,A tester voir si pas trop fort,A faire,
,5,5,5,,Unité,Héritier,"En tant qu'action, vous pouvez défaussez une unité Temple et une autre unité Dolmen que vous contrôlez du jeu pour mettre en jeu depuis votre défausse dans votre citadelle, l' ~Hériter~.",Erudit,Pas d'équipement,A tester voir si pas trop fort,A faire,
J'ai vu la charge de l'Alliance NaK Zak Armée Cavalerie~,2,2,3,Oui,Unité,Le guerrier du désert,"Quand ~Le Guerrier du Désert~ est en combat dans un lieu Désert, Il a +1FOR et +1PV jusqu'à la fin du combat.",Officier,,A tester voir si pas trop fort,A faire,
"Quelle horreur, il y a eu des sacrifice ici !",0,,,,Bâtiment,Temple sinistre,"A la fin de la phase d'Organisation, mettez un compteur pierre sur cette carte. S'il y a au moins 2 compteurs pierre sur cette carte, défaussez tous les compteurs pour mettre en jeu un équipement depuis votre deck, sans payer son coût.",Malédiction,,A tester voir si pas trop fort,A faire,
,2,1,3,,Unité,Armurier,Action: Payez 1OR et allez chercher une carte Arme dans votre défausse. Révélez-la et prenez-la en main. (Max1),Elite,,Allez chercher ?,A faire,
,1,,,,Plan,L'équilibre des ressources,"Au début de la phase d'Assignation, chaque joueur peut choisir jusqu'à 2 unités, 1 bâtiment et un équipement pour un coût total combiné de 10#. Les cartes non choisies sont placées sous le deck de leurs propriétaires (dans l'%ordre de son choix)",Traîtrise,,"Carte nul. Mais déjà faire 2-2-2, cela n'a pas de sens de privilégier les unités ?",A faire,
Quelle triste nuit !,0,0,1,Oui,Unité,Nain Cupide,Le Nain cupide a +1FOR pour chaque or que votre adversaire a en sa faveur sur l'échelle de l'or (Max +3FOR). Le Nain cupide ne peut pas prendre de dommages de dette,Déchu,Pas d'équipement,Pas claire le sens ? ,A faire,
,0,,,,Événement,Projet accéléré,"Mettez sur une carte qui peut avoir des compteurs, un compteur du même type.","Secret, Commerce",,Rapide ?,A faire,
,1,1,1,,Unité,Sneakygoby,,Gobelin,Poison,Rapide ?,A faire,
,,,3,,Lieu,Mausolée,"A la fin de la phase de combat, si ce lieu a subit au moins 1 dommage pendant cette phase, vous pouvez mettre sous votre deck une carte de votre défausse.",Cimetière,,"A tester Sinon, 2pv et ancien texte: Après la résolution d'un combat dans ce lieu, vous pouvez mettre sous votre pioche une carte de votre défausse.",A faire,
,1,,,,Plan,Attaque surprise,"En attaque vos unités ont +1FOR.
En défense vos unités ont -1FOR",Tactique,,"Trop faible, on repasse à 4 d'init ? 3 ?",A faire,
"La 101e et le 82e unité compte sur moi ! la 7e souris et toujours là quand on a besoin d'elle, que ce soir en ville ou en campagne.",3,3,3,Oui,Unité,7e souris blindée,"La ~7e souris blindée~ a +1FOR en combat dans les lieux Plaine, Colline, QG et Ville","Elite, Aube, Magicien",Poison,,A faire,
,3,,,,Plan,A bas la monarchie,"A l'instant: Chaque joueur choisi une unité au coût le plus élévé parmi ses unités qu'il contrôle, puis la défausse",Condition,,,A faire,
Bzzz,1,1,2,,Unité,Abeille Cool,"Quand l'~Abeille Cool~ quitte le jeu, vous pouvez chercher dans votre deck une carte ~Abeille Cool~ et la mettre en jeu gratuitement.","Nature, Créature",,,A faire,
,0,,,Oui,Bâtiment,Académie,Action: Payez 1OR pour donner à une de vos unités Elite +1FOR ou +1PV jusqu'à la fin de la phase. (Max2),Construction,,,A faire,
,0,,,Oui,Bâtiment,Académie Gobeline,Le premier Gobelin que vous jouez chaque tour coûte -1OR,"Amélioration, Caserne",,,A faire,
,1,1,1,,Unité,Acolyte,"Action: Mettez un compteur folie sur l'~Acolyte~ pour réduire le coût de 1OR la prochaine unité Mort-Vivant que vous jouez. (Max1) 
A l'instant où l'~Acolyte~ a 2 compteurs folie ou plus sur lui, défaussez-le. ",Compagnon,Faiblesse,,A faire,
Il y a toujours moyen de trouver un arrangement,1,2,3,,Unité,Acolyte corrompu,"La capacité de l'~Acolyte corrompu~ ne peut être utilisé que par votre adversaire. Action: En combat, payez 1OR pour renvoyer l'~Acolyte corrompu~ du combat vers la Citadelle de son contrôleur.","Déchu, Temple",Pas d'équipement,,A faire,
,1,1,2,,Unité,Acrobate,"Quand l'~Acrobate~ participe dans un combat, les unités adverses participantes perdent le mot clé PRECIS dans ce combat.",Forestier,,,A faire,
Magnifique vue sur le lac noir,,,4,,Lieu,Addyessa,,"Plaine, Ville",,,A faire,
"Ma cousine à raison, il est beau ce chevalier de l'ordre.",2,2,2,,Unité,Adepte du Crépuscule,Quand l'~Adepte du Crépuscule~ quitte le jeu vous pouvez prendre en main une carte Bijou depuis votre défausse.,"Résistant, Crépuscule",,,A faire,
,4,,,,Plan,Adieu puisque tu pars,A l'instant: Choissisez et défaussez du jeu jusqu'à 2 cartes Déchu ou choissiez et défaussez du jeu 1 carte Ancien.,Condition,,,A faire,
Il est temps d'engager l'élite de l'élite,2,2,2,Oui,Unité,Admund Ellenby,"Quand ~Admund Ellenby~ arrive en jeu, vous pouvez chercher dans votre deck la carte ~Alliance Nak Zar Armée Cavalerie (ANZAC)~ et la prendre en main","Cavalier, Officier",Précis,,A faire,
,0,,,,Équipement,Affiliation,"(UNITE A VOUS, NON-TEMPLE) L’unité équipée gagne le trait Dolmen.",Condition,Rapide,,A faire,
,3,3,3,,Unité,Aigle Royal,Les dommages MORTEL subi par l’~Aigle Royal~ sont considérés comme normaux,Créature,Précis,,A faire,
,4,2,6,,Unité,Alchimiste,"Action: En combat, payez 1OR pour infliger 1 dommage à une unité présente dans le combat. (Max1)","Alchimie, Erudit",,,,
"Quand cette unité venue de si loin s'engage au combat, plus rien ne peut l'arrêter.",4,4,4,,Unité,Alliance Nak Zar Armée Cavalerie (ANZAC),"En attaque, l’~Alliance Nak Zar Armée Cavalerie (ANZAC)~ a +1FOR ou a +2FOR si elle attaque dans un lieu Désert","Cavalier, Elite","Faiblesse, Précis",,A faire,
,1,,,,Bâtiment,Ambassade,"Quand vous jouer un évement Secret, Il est mis hors de la partie à la place de la défausse. // Action: Payez 1OR pour aller chercher une carte Secret dans votre défausse. (Max2)","Construction, Etat",,,A faire,
,0,,,Oui,Bâtiment,Amélioration d'épines,"Action: En combat, payez 1OR pour donner à une unité +X FOR (Max +3FOR). X est égal au nombre de Créature que vous contrôlez dans le combat. (Max1)",Amélioration,,,A faire,
L'amiral nain propose de prendre le terrain de l'ennemi île par île.,3,2,3,,Unité,Amiral Nain,"En combat, vos unités Jet ont +1PV dans le combat","Noble, Officier",,,A faire,
,4,,,,Plan,Amnésie,A partir de la phase d'Organisation et jusqu'à la fin du tour le texte du plan de votre adversaire est vidé.,Malédiction,,,A faire,
Je t'aime mon amour ! Moi aussi ma chérie !,0,,,,Événement,Amour Secret,"Vos unités qui ont FAIBLESSE dans ce combat perdent FAIBLESSE. Si vous avez au moins une unité Temple et une unité Dolmen, soignez une unités Temple et une unité Dolmen de 1 dommage chacune.",Secret,,,A faire,
,2,,,Oui,Équipement,Amulette d'absorption maudite,"(UNITE A VOUS) En défense, le contrôleur de l'unité équipée peut infliger tous les dommages de la résolution du combat à l'unitée équipée, même si cela dépasse son nombre maximum de PV.",Bijou,Fragile,,A faire,
,1,,,,Équipement,Amulette de réincarnation,"(UNITE A VOUS) Si l'unité devait être tuée, récupérez la en main au lieu de la mettre dans la défausse.","Bijou, Enchantement",Fragile,,A faire,
,0,,,,Équipement,Amulette des Dieux,(UNITE) L'unité équipée gagne ETHERE,Bijou,Rapide,,A faire,
,1,,,,Plan,Anciennes ruines oubliées de tous,"A l'instant: Cherchez dans votre deck une carte Ancien, Déchu ou Malédiction. Révélez-la et prenez la en main. Si vous jouez cette carte à la phase d'Organisation de ce tour, vous pouvez défausser la première carte de votre deck pour réduire son coût de 1OR.",Royaume,,,A faire,
,2,,,,Événement,Animation des morts,"Soignez jusqu'à 4 points de dommages parmi vos unités Mort-Vivant, Spectral, Vampire ou ETHERE",Sort,,,A faire,
Trouvé sous un chêne avec un autre bijou,1,,,,Équipement,Anneau de l'Aube,(UNITE) L'unité équipée gagne PRECIS et Magicien,Bijou,Rapide,,A faire,
Il est convoité par un puissant sorcier,1,,,,Équipement,Anneau de l'Ordre,(UNITE) L'unité équipée gagne Magicien et +2PV,Bijou,Rapide,,A faire,
Porté par les plus belles femmes de l'ordre,1,,,,Équipement,Anneau de la Nature,(UNITE) L'unité équipée gagne POISON et Magicien,Bijou,,,A faire,
,0,,,,Équipement,Anneau de putréfaction,L'unité équipée gagne le trait Mort-Vivant,Bijou,Rapide,,A faire,
Trouvé proche d'un majestueux chêne,1,,,,Équipement,Anneau du Crépuscule,(UNITE) L'unité équipée gagne MORTEL,Bijou,,,A faire,
"Même s'il n'est pas précieux, je ne m'en séparerais jamais !",0,,,Oui,Équipement,Anneau Mystérieux,"(UNITE A VOUS NON-CREATURE) Equipez sur une unité de 2FOR ou moins imprimé et 2PV ou moins imprimé. Action: Défaussez la première carte de votre deck. Jusqu'à la fin du tour, l’unité équipée ne peut pas subir de dommages et elle ne peut pas être tuée. ",Babiole,,,A faire,
Cet endroit est proche d'où c'est déroulé la bataille de Torgarmen,4,,,,Plan,Apaisement,Toutes les unités perdent le mot clé MORTEL et ne peuvent pas le gagner pour le tour.,Royaume,,,A faire,
Bois et tu iras mieux,0,,,,Événement,Apothicaire,Défaussez une carte équipement Condition.,"Alchimie, Commerce",,,A faire,
Joue moi l'air 144,1,,,,Événement,Appel d'urgence,"Cherchez dans votre deck une carte de votre choix, puis mettez une carte de votre main sous votre deck",Manoeuvre,,,A faire,
,0,,,,Bâtiment,Appel de la nature,"Action: En phase d'Organisation, révélez la première carte de votre deck, si c'est une carte Créature, vous pouvez la mettre en jeu en payant son coût. Sinon mettez la sous votre deck. (Max1)",Chance,,,A faire,
,0,,,,Événement,Appeler les réserves,Cherchez dans votre défausse une carte Elite. Révélez-la et mettez-la dans votre main.,Manoeuvre,,,A faire,
,2,1,3,,Unité,Apprenti Gobelin,Action: Défaussez l'~Apprenti Gobelin~ pour détruire un équipement en jeu.,"Gobelin, Apprenti",,,A faire,
,2,2,2,,Unité,Araignée,"En combat dans un lieu Forêt, l’~Araignée~ gagne ETHERE",Créature,Mortel,,A faire,
,2,3,2,,Unité,Arbalétrier,"En défense, s'il y a une unité Infanterie adverse présente dans le combat, l'~Arbalétrier~ a +1FOR","Jet, Infanterie, Elite",,,A faire,
,2,2,2,,Unité,Arbalétrier Nain,"En défense, l'~Arbalétrier Nain~ a +2FOR","Infanterie, Jet",,,A faire,
On dit que la carde de cet arc a été faite avec les cheveux d'une fée.,1,,,,Équipement,Arc des Arcanes,"(UNITE) L'unité équipée gagne Magicien, Jet et PRECIS",Arme,Rapide,,A faire,
Reste plus qu'a trouver la salle principale,0,,,Oui,Bâtiment,Arche Oubliée,"A la fin de la phase de Combat, vous pouvez infliger 1 dommage à une unité qui possède un des traits suivant:  Spectral, Mort-Vivant, Vampire ou le mot clé ETHERE.","Construction, Temple, Magicien",,,A faire,
,2,3,2,,Unité,Archer,"En combat, s'il n'y a pas d'unités Cavalier contrôlées par l'adversaire présentes dans le combat, l'~Archer~ a +1FOR","Jet, Infanterie",,,A faire,
,1,1,1,,Unité,Archer Gobelin,,Gobelin,Précis,,A faire,
,1,2,1,,Unité,Archer squelette,,Mort-Vivant,"Poison, Faiblesse",,A faire,
,1,2,1,,Unité,Archer sylvain,"En combat, s’il y a une unité Cavalier adverse présente dans le combat, l’~Archer sylvain~ à +1FOR",Jet,,,A faire,
,0,,,Oui,Bâtiment,Archerie Gobeline,"Quand vous jouer un Gobelin depuis votre main, votre adversaire doit infliger 1 dommage parmi ses unités (Max1)","Arsenal, Caserne",,,A faire,
"Il manque une page à mon plan, mais ça devrait tenir",2,1,3,,Unité,Architect,Votre première carte Construction ou Fortification jouée dans le tour vous coûte -1OR. (La réduction est valable que pour une seule carte jouée),Erudit,,,A faire,
"Il faut éviter d'aller un pont trop loin, on va s'arreter ici pou la nuit. ",,,3,,Lieu,Armeg,Quand une unité est assignée en défense à Armeg soignez la de 1 dommage.,"Ville, Colline",,,A faire,
,0,,,,Équipement,Armure de l'Aube,"(UNITE) Si l'unité équipée subi des dommages MORTEL ou POISON, ces dommages sont considérés comme normaux. L'unité équipée gagne PUGNACE",Armure,Rapide,,A faire,
,5,4,6,,Unité,Armure Enchantée,"L'~Armure Enchantée~ ne peut pas quitter le combat, sauf si elle est tuée ou défaussée.","Elite, Magicien, Inflammable",Pas d'équipement,,A faire,
,1,,,,Équipement,Armure lourde,(UNITE) L'unité équipée a +2PV Les dommages POISON subis par l'unité équipée sont considérés comme normaux,Armure,Rapide,,A faire,
,0,,,,Bâtiment,Armurerie,Action: Payez 1OR pour aller chercher une carte Arme dans votre deck. Révélez-la et prenez-la en main. (Max1),Construction,Rapide,,A faire,
,1,1,1,Non,Unité,Assassin,,Infanterie,"Ethéré, Poison",,A faire,
,0,,,Oui,Bâtiment,Atelier de réparation,Action: Payez 1OR pour donner PRECIS à une unité jusqu'à la fin du tour. (Max1),Construction,,,A faire,
,1,,,,Événement,Attaque massive,Jouez cette carte au début de la phase de combat. Infligez 1 dommage supplémentaire à la résolution de chaque combat où vous êtes attaquant.,Tactique,,,A faire,
,2,,,,Événement,Attaque psychique,Infligez 2 dommages à une unité ou 4 dommages à une unité Esprit.,"Sort, Magicien",,,A faire,
lundi au vendredi 11h-19h et Samedi 10h-18h,0,,,,Bâtiment,Au Paradis Du Jeu,Action: Payez 1OR pour cherchez dans votre deck une carte Chance et mettez la en main. ,"Chance, Commerce",,,A faire,
Même pas mal,3,,,,Événement,Aura de protection,"En combat, choisissez une unité. Cette unité ne peut pas prendre de dommage jusqu'à la fin du combat","Enchantement, Rituel",,,A faire,
,0,,,,Bâtiment,Autel Gobelin,Action: Donnez PRECIS à une unité qui a le mot clé POISON jusqu'à la fin du tour. (Max1),"Temple, Amélioration",,,A faire,
trois... deux.... un....,2,,,,Événement,Autodestruction,"En combat, tuez un Mort-Vivant que vous contrôlez et infligez 2 dommages à toutes les unités dans le combat",Rituel,,,A faire,
Nous ne sommes pas les automates que vous recherchez.,4,3,3,Oui,Unité,Automates VD21 et BE31,"Lors de la résolution d'un combat où ~Automates VD21 et BE31~ est présent, vous pouvez ignorer 2 dommages non-PRECIS.","Rebelle, Machine",Pas d'équipement,,A faire,
,0,,,Oui,Équipement,Automne pluvieux,"(Lieu Lac, Ville, ou Colline) Une seule unité au maximum peut être assignée en attaque dans le lieu équipé.",Saison,,,A faire,
,4,,,,Plan,Avalanche,"A l'instant: Si votre adversaire contrôle au moins 2 unités de plus que vous, il doit défausser des unités qu'il contrôle jusqu'à en avoir que 1 de plus que vous.",Condition,,,A faire,
,,,3,,Lieu,Avant-Poste,Les cartes Manoeuvre ne peuvent pas être jouées en combat dans ce lieu.,"Montagne, QG",,,A faire,
,1,,,,Bâtiment,Avant-poste rebelle,Payer 1OR pour donner à une unité Rebelle +2FOR ou +2PV jusqu'à la fin phase de Combat (Max1),Construction,,,A faire,
"Ce soir, Mitch le conteur sera à l'auberge du Luht pour lire un conte. C'est père Thierry qui me l'a dit.",,,4,,Lieu,Avre,,"Ville, Lac",,,A faire,
Ma demeure est épouventable,3,4,3,Oui,Unité,B'Tooloo,Action: Tuez une unité Déchu que vous contrôlez pour donner à ~B'Tooloo~ +1FOR et +1PV jusqu'à la fin de la phase.,Ancien,,,A faire,
,2,1,3,,Unité,Baliste,"En défense, la ~Baliste~ a +1FOR. Si vous contrôlez une carte Fortification dans le combat, la ~Baliste~ a +3FOR à la place","Jet, Machine, Inflammable",,,A faire,
,1,,,,Équipement,Bannière d'affrontement,(UNITE A VOUS) L'unité équipée a +1FOR pour chaque lieu adverse non-ravagé,Bannière,,,A faire,
Je résisterai jusqu'au bout même si je dois finir sur un buché.,0,,,,Équipement,Bannière de courage,(UNITE A VOUS) L'unité équipée a +2PV pour chacun de vos lieux ravagés,Bannière,,,A faire,
,2,,,,Équipement,Bannière de guerre,"(UNITE A VOUS) Action: En combat, choisissez jusqu'à trois unités ayant au moins un des traits suivants: Elite, Mineur ou Noble. Elles ont +1FOR et +1PV jusqu'à la fin du combat.",Bannière,,,A faire,
"A sa seule vue, c'est la panique",2,,,,Équipement,Bannière de Peur,"(UNITE A VOUS). Action: En combat choisissez une unité adverse, son contrôleur décide de la renvoyer vers sa zone Citadelle ou de lui infliger 2 dommages. (Max1) (il faut prendre un choix possible)",Bannière,,,A faire,
,0,,,,Équipement,Bannière des esprits,"(UNITE A VOUS) Action: En combat, toutes les unités adverses dans le combat, perdent le mot clé ETHERE jusqu'à la fin du combat",Bannière,Rapide,,A faire,
,1,,,,Équipement,Bannière des Prêtres,"(UNITE) A la fin de la phase de Dette, l'unité équipée se soigne de 2 dommages.",Bannière,Rapide,,A faire,
,1,,,,Équipement,Bannière du champion,"(UNITE A VOUS) Action: En combat, choisissez deux unités non-ETHERE dans ce combat, une unité adverse et une des vôtres. Chaque unité choisie inflige à l’autre unité des dommages égaux à sa force. (Max1) (les mots clés sont résolus).",Bannière,Fragile,,A faire,
,0,,,,Équipement,Bannière du Roi,"(UNITE A VOUS) En combat, vos unités ne peuvent pas quitter le combat où la ~Bannière du Roi~ est présente. (elles peuvent être tuées ou défaussées).",Bannière,Rapide,,A faire,
Les trois meneurs ont un compte dans cette banque,0,,,,Bâtiment,Banque,"Action: Payez XOR pour mettre X compteurs intérêt sur la banque (Max1) (Max 6 compteurs).
Action: Défaussez tous les compteurs intérêt sur la ~Banque~ pour gagner 1OR par compteurs défaussés. (Max1)",Temple,,,A faire,
Son cris est insuportable.,2,0,2,,Unité,Banshee,"Action: En défense, infligez 1 dommage à la ~Banshee~ pour renvoyer une unité du combat actuel vers la Citadelle de son propriétaire. (Max1)",Spectral,,,A faire,
,0,,,,Équipement,Barricades,(Lieu QG uniquement) Le lieu équipé a +2PV,Fortification,,,A faire,
,4,,,,Plan,Bases saines,"A l'instant: Chaque joueur choisi des cartes en jeu qu'il contrôle pour un total de 8OR ou moins, toutes les cartes non choisies sont défaussées",Condition,,,A faire,
,0,,,,Bâtiment,Bastion des templiers,"Le ~Bastion des templiers~ arrive en jeu avec 1 compteurs résistance sur lui. Quand l'adversaire utilise un bonus de ravage, vous pouvez défausser un compteur résistance de cette carte pour l'annuler. A l'instant ou le ~Bastion des templiers~ n'a plus de compteurs sur lui défaussez le.","Fortification, Temple",,,A faire,
Pas de soucis le BEF est là.,3,2,3,Oui,Unité,Bataillon Expérimenté Fortifié (BEF),"En attaque, le ~Bataillon Expérimenté Fortifié (BEF)~ gagne PRECIS et +1PV","Infanterie, Elite, Aube",Poison,,A faire,
Merci mes frères,2,,,,Plan,Baume au coeur,A l'instant : Choisissez 2 unités que vous contrôlez et soignez les de 2 dommages,Royaume,,,A faire,
Il y a deux petits yeux jaunes à la surface de l'eau. Je me demande ce que c'est ?,,,4,,Lieu,Bayou,,"Marais, Forêt",,,A faire,
Notre bélier va gronder,2,,,Oui,Bâtiment,Bélier,"En combat, quand vous attaquez un lieu pas encore ravagé, vos unités ont +1FOR",Amélioration,,,A faire,
,6,,,,Plan,Belle saison,Le coût des cartes Condition est de +1OR.,Condition,,,A faire,
,2,3,2,,Unité,Bête de somme,L'unité ~Bête de somme~ peut avoir jusqu’à deux équipements sur elle.,Infanterie,,,A faire,
C'est quoi ce grand X au sol ?,0,,,,Bâtiment,Bibliothèque,Action: Piochez une carte puis mettez une carte de votre main sous votre deck. (Max1),Archive,,,A faire,
,2,,,,Équipement,Blessures Infectées,"(UNITE) A la fin de la phase de Combat, le contrôleur de l'unité équipée doit défausser 2 cartes de son deck.","Malédiction, Condition",Fragile,,A faire,
Ce soir quand on rentre c'est pain et fromage fondu.,2,,,,Événement,Blizzard,"En combat, à la résolution du combat toutes les unités ont -3FOR pour ce combat.",Condition,,,A faire,
Il y a le nom de l'ancien propriétaire... Pandore,1,,,Oui,Équipement,Boîte mystérieuse,"(UNITE A VOUS) Action: Choisissez un équipement non-Babiole en jeu. La ~Boîte mystérieuse~ gagne jusqu'à la fin du tour, le texte imprimé de l'équipement choisi. (Max1)","Objet, Commerce",,,A faire,
,4,4,4,Oui,Unité,Boo Chaka,Action: Défaussez une carte de votre main pour donner à une unité Rebelle +1FOR et +1PV jusqu’à la fin du tour (Max2),Rebelle,Pugnace,,A faire,
,6,,,,Plan,Bordel,Action: Payez 1OR pour donner -1FOR à une unité Temple jusqu'à la fin du tour. (Max3) Si vous contrôlez une unité Dolmen vous donnez -2FOR à la place.,Royaume,,,A faire,
,1,,,,Équipement,Bouclier des Dieux,(UNITE) L'unité équipée gagne Magicien et +2PV,Armure,Rapide,,A faire,
,2,,,,Événement,Boule de feu,"Infligez 2 dommages à une unité, si l’unité est Inflammable infligez 4 dommage à la place.","Sort, Magicien",,,A faire,
,0,,,,Bâtiment,Bourse aux échanges,Action: Reprenez en main une carte équipement non-Condition que vous contrôlez et immédiatement jouez cette carte sur un emplacement valide en payant son coût. (Max1),Construction,,,A faire,
,2,2,3,,Unité,Brasseur de bière,,Déchu,Poison,,A faire,
J'ai vu un incendie dans les installations au loin.,,,4,,Lieu,Bribiatte,"Après la résolution d'un combat dans ce lieu (quand les unités survivantes sont retournées à leur Citadelle), vous pouvez reprendre en main une unité en jeu dont vous êtes propriétaire et qui a participé à ce combat.","Ville, Marais",,,A faire,
,4,,,,Plan,Brisé,A l'instant: Vous pouvez détruire un équipement en jeu.,Malédiction,,,A faire,
,1,,,,Événement,Brouillard,Envoyer une unité de coût 2OR ou moins vers la Citadelle de son contrôleur.,Condition,,,A faire,
,3,,,,Plan,Brume,"A l'instant: Les joueurs mettent 2 unités qu'ils controlent sous cette carte plan. Puis au début de la phase de Dette, les joueurs remettent en jeu dans la Citadelle de leur propriétaire les unités qui ont été mises sous ce plan pendant la phase de Planification.",Condition,,,A faire,
,1,,,,Équipement,C4,"(UNITE A VOUS) Action: En combat dans un lieu non-ravagé, infligez 1 dommage au lieu (Cet effet ne peut pas ravager le lieu) (Max1)",Alchimie,"Fragile, Rapide",,A faire,
"Je vais aller à la tour blanche, j'y trouverai ce que je cherche",3,3,4,Oui,Unité,Cabata quatre bras,~Cabata quatre bras~ peut avoir jusqu'a 3 cartes équipements. Deux équipements Arme et un équipement Armure (Aucun autres traits d'équipement n'est possible),Magicien,,,A faire,
"Attention, Jérôme de la confrérie nous observe",0,,,,Bâtiment,Cache des Brigands,"Fin de la phase d'Organisation, mettez un compteur brigandage sur cette carte. Action: Défaussez la ~Cache des brigands~ pour gagner 1OR par compteur sur cette carte",Secret,,,A faire,
,2,,,Oui,Bâtiment,Cachette,Vos lieux Forêt sans boîte de texte imprimé ont +2PV,Nature,,,A faire,
Je me sens barbouillé,2,0,2,,Unité,Cadavre explosif,"Quand le cadavre explosif est tué pendant le déroulement de son combat, toutes les unités présentes dans le combat subissent 2 dommages.",Mort-Vivant,,,A faire,
"Si j'avais un fouet, je pourrais attraper cette statuette en toute sécurité.",2,,,,Plan,Cadeau des Dieux,"A l'instant: Cherchez dans votre deck une carte Temple, révélez-la et mettez-la dans votre main.",Royaume,,,A faire,
,,,4,,Lieu,Camp de Fortune,Les cartes Manoeuvre coûtent +1OR en combat dans ce lieu.,"Forêt, QG",,,A faire,
,3,,,,Plan,Canicule,"Pendant la phase d'Assignation, seulement 2 unités peuvent être assignées en attaque par lieu.",Tactique,,,A faire,
L'officier nous demande de faire un barrage ouragan sur la forteresse ennemie,3,3,3,,Unité,Canon,"Action: En attaque, défaussez le ~Canon~ pour défausser une carte Fortification dans ce combat.","Machine, Elite","Précis, Pas d'équipement",,A faire,
,0,,,,Équipement,Cape d'invisibilité,"(UNITE) En défense, quand  des dommages non-PRECIS sont infligés ou attribués à cette unité, vous pouvez choisir de rediriger autant de dommages que vous le désirez sur le lieu défendu à la place de l'unité équipée.","Enchantement, Objet",Rapide,,A faire,
,1,,,,Équipement,Cape des bois,"(UNITE) L'unité équipée gagne le trait Forestier et +1PV. En combat dans un lieu Forêt, l'unité a +1FOR",Armure,Rapide,,A faire,
Il a servit dans le XXXe corps à la bataille de Clif,4,4,4,,Unité,Capitaine de la garde,"En combat, vos unités Infanterie ont +1FOR et +1PV dans le combat","Elite, Officier",,,A faire,
,2,,,Oui,Bâtiment,Cascade sacrée,"Action: Donnez à une unité +1FOR et +1PV jusqu'à la fin de la phase, pour chaque carte Forêt que vous contrôlez. (Max1)",Dolmen,,,A faire,
,3,2,4,,Unité,Catapulte,En combat vos unités Infanterie ont +1FOR dans le combat. // Action: Défaussez la ~Catapulte~ pour défausser une carte Construction.,"Machine, Fortification",,,A faire,
La montagne est en colère,4,,,,Plan,Catastrophe,"A l'instant: Les joueurs choisissent 2 unités qu'ils contrôlent, les unités non choisies sont défaussées.",Condition,,,A faire,
,3,4,4,,Unité,Cavalier,,"Elite, Cavalier, Temple",Faiblesse,,A faire,
,2,3,1,,Unité,Cavalier spectral,,"Cavalier, Spectral",Ethéré,,A faire,
,2,2,3,,Unité,Cavalière de la Nature,"En combat, vos unités Crépuscule ont +1PV jusqu'à la fin du combat. // En combat, vos unités Ordre et Aube ont FAIBLESSE jusqu'à la fin du combat.","Nature, Dolmen",,,A faire,
Je suis sûre que ma cousine est amoureuse de ce chevalier,2,2,3,,Unité,Cavalière du Crépuscule,"En combat, vos unités Nature ont +1PV jusqu'à la fin du combat. //  En combat, vos unités Ordre et Aube gagnent FAIBLESSE jusqu'à la fin du combat.","Crépuscule, Dolmen",,,A faire,
"Encore une cave elfe ! Oui, mais la bière est naine !",,,3,,Lieu,Cave,"Quand ce lieu est ravagé, vous pouvez aller chercher une unité de coût 2OR ou moins dans votre deck et la mettre en jeu gratuitement",Cave,,,A faire,
,0,,,,Bâtiment,Caverne sinistre,Action: Mettez un compteur caverne sur cette carte pour aller cherchez dans votre deck et prendre en main une unité Créature. A l'instant où il y a 3 compteurs ou plus sur cette carte défaussez-là.,"Nature, Construction",,,A faire,
,1,,,,Événement,Ce n'est pas de saison,Videz la boite de texte imprimée d'un lieu jusqu'à la fin du tour. (tout sauf le trait QG),"Sort, Malédiction",,,A faire,
"Elle est un poil serrée, j'ai pris du poid",2,,,,Équipement,Ceinture du Géant,(UNITE) Equipez la ~Ceinture du Géant~ à une unité de 3PV imprimé ou moins. L'unité équipée a +5FOR,Armure,Fragile,,A faire,
,1,,,,Bâtiment,Cellules de détention,"Action: Hors phase de dette, choisissez une unité contrôlée par votre adversaire. A la fin de la phase, l'unité choisie subi 1 dommage ou votre adversaire paye 2OR. (Max1)",Construction,,,A faire,
,1,,,Oui,Bâtiment,Centre de Recrutement,"Action:  En phase d'Organisation, Si vous contrôlez moins d'unités que votre adversaire, révélez la première carte de votre deck. Si cette carte est une unité non-Mort-Vivant, non-Esprit vous vous pouvez la mettre en jeu et payer son coût à -1OR. Sinon, retournez la sur votre deck (Max1)",Construction,,,A faire,
J'espère qu'il a des patates et du fromage fondu au menu,0,,,,Bâtiment,Chalet de montagne,Action: Défaussez une carte de votre main ou de votre deck pour soigner une unité de 1 dommage. (Max2),Nature,,,A faire,
J'ai vu un humain en armure jaune et casque rouge se mettre en boule et rouler partout.,2,,,,Bâtiment,Chambre magmatique,"Action: En combat, donnez à une unité +1FOR pour chaque combat encore non résolu. (Max1)",Nature,,,A faire,
,3,5,3,,Unité,Champion orc,,"Orc, Officier",Faiblesse,,A faire,
,,,3,,Lieu,Champs de culture,"Toutes vos unités Jet, ont +1FOR en combat dans ce lieu",Colline,,,A faire,
"Entrainement fini, maintenant c'est service de parc",1,,,,Bâtiment,Champs de tir,Action: Payez 1OR pour donner +1FOR et +1PV à une unité Jet jusqu'à la fin du tour. (Max2),Construction,,,A faire,
,0,,,Oui,Bâtiment,Chancellerie,Action: Payez 1OR pour donner à une de vos unités Noble +1FOR ou +1PV jusqu'à la fin de la phase. (Max2),"Etat, Impôt",,,A faire,
,2,,,,Plan,Changement de plan,"A l'instant: Mettez autant de cartes que vous voulez de votre main sous votre deck (dans l'%ordre de votre choix), puis piochez autant de cartes que misent sous votre deck. En attaque vos unités ont +1PV jusqu'à la fin du combat. En Défense vos unités ont +1 FOR jusqu'à la fin du combat.",Stratégie,,,A faire,
,1,,,,Événement,Chantage,"Videz la boîte de texte imprimée d’une carte jusqu’à la fin de la phase. (à l'exception du trait QG, ce trait ne peut pas disparaître)",Secret,,,A faire,
,0,,,,Bâtiment,Chantier de Construction,"Action: En phase de Dette, retirez cette carte de la partie, puis mélangez jusqu'à 3 cartes au hasard de votre défausse dans votre deck.","Construction, Machine",,,A faire,
,0,,,Oui,Bâtiment,Chantier de démolition,Action: Défaussez un bâtiment que vous contrôlez autre que le ~Chantier de démolition~ pour gagner 2OR. (Max1),Construction,,,A faire,
,0,,,,Bâtiment,Chantier de récupération,"Fin de phase Organisation, mettez un compteur récupération sur cette carte.
Action: Retirez 2 compteurs récupération pour aller chercher dans votre défausse une carte bâtiment de coût 2OR ou moins et la mettre en jeu gratuitement.",Construction,,,A faire,
,0,,,Oui,Bâtiment,Chapelle,"Fin de la phase d'Organisation, mettez un compteur prière sur la ~Chapelle~. Action: En phase de Dette,  défaussez 2 compteurs prière pour cherchez dans votre deck une carte Ordre ou Aube de coût 3OR ou moins et mettez la en jeu gratuitement.",Temple,,,A faire,
,1,,,,Événement,Charge !,"En combat, donnez +2FOR à une unité jusqu’à la fin du combat.",Manoeuvre,,,A faire,
,1,,,,Événement,Charge de Cavalerie,"Ajoutez +1FOR (Max +3FOR) au résultat de ce combat, lors de la résolution du combat, par carte Cavalier présentes que vous contrôlez dans ce combat quand vous jouez cette carte.",Manoeuvre,,,A faire,
,2,,,,Plan,Charge Héroique,"A l'instant: Vous pouvez cherchez dans votre deck une carte de coût 3OR ou moins qui a un des traits suivant; Terre, Feu, Air ou Eau et mettez la en jeu gratuitement. Si vous le faites, l'adversaire défausse une carte au hasard de votre main. A la fin de la phase de Combat si cette carte est encore en jeu, mettez-la sous votre deck.",Tactique,,,A faire,
,3,6,1,,Unité,Chargeur fou orc,,"Déchu, Orc",,,A faire,
Il faut faire attention aux tranchées,4,4,5,,Unité,Charriot de guerre MK IV,"En combat, le ~Charriot de guerre MK IV~ a +1FOR si une unité Infanterie adverse est présente dans le combat.","Machine, Jet",,,A faire,
,1,1,2,,Unité,Chauves-souris,"Action: En combat, envoyez la ~Chauves-souris~ vers un combat encore non résolu. (Max1)","Horde, Créature",Pas d'équipement,,A faire,
,3,3,3,,Unité,Chef Gobelin,"En phase d'Organisation, vous pouvez défausser un Gobelin de coût 1OR ou plus en jeu, pour jouer le ~Chef Gobelin~ de votre main gratuitement","Gobelin, Officier",Rapide,,A faire,
,3,3,2,,Unité,Chef orc,"Au début de la phase de Combat, le ~Chef orc~ peut rejoindre un combat où vous avez déjà un Orc","Orc, Seigneur, Déchu",,,A faire,
,2,,,,Plan,Chercher les talents cachés,A l'instant: Vous pouvez chercher dans votre deck une unité avec un coût de 3OR ou moins. Revelez la carte cherchée et prenez-la en main.,Royaume,,,A faire,
,2,1,2,,Unité,Chercheur d'or,"Action: En combat, gagnez 1OR (Max1)","Mineur, Magicien",,,A faire,
,0,,,,Équipement,Cheval de Frise,"(LIEU, non-Lac) le lieu a +1FOR",Fortification,Rapide,,A faire,
,2,2,2,,Unité,Cheval spectral,"Quand le ~Cheval spectral~ est équipé, il a +1FOR.","Créature, Spectral",Ethéré,,A faire,
,3,4,3,,Unité,Chevalier,En attaque cette unité a +1FOR,"Cavalier, Noble",,,A faire,
Elle est si belle cete adepte du crépuscule.,3,4,3,,Unité,Chevalier de l'Aube,"En combat, vos unités Ordre ont +1FOR jusqu'à la fin du combat. // En combat, vos unités Nature et Crépuscule ont FAIBLESSE jusqu'à la fin du combat.","Cavalier, Aube, Temple",,,A faire,
,4,2,5,,Unité,Chevalier de l'effroi,"Action: En combat, donnez jusqu'à deux unité Mort-Vivant présents dans le combat +1FOR et +1PV. (Max1)","Cavalier, Seigneur",,,A faire,
,3,4,3,,Unité,Chevalier de l'Ordre,"En combat, vos unités Aube ont +1FOR jusqu'à la fin du combat. // En combat, vos unités Nature et Crépuscule ont FAIBLESSE jusqu'à la fin du combat.","Cavalier, Ordre, Temple",,,A faire,
Ces temps ci j'oublie tout,3,3,3,,Unité,Chevalier Sang-tête,Action: Le ~Chevalier Sang-tête~ gagne ETHERE jusqu'à la fin du tour. (Max1),"Spectral, Cavalier",,,A faire,
,3,2,2,,Unité,Chevaucheur de Cerf,"Action: En combat, donnezà une unité Forestier +1 FOR et +1PV dans ce combat, jusqu'à la fin du combat.","Elite, Cavalier",,,A faire,
,4,4,4,,Unité,Chevaucheur de Sanglier,"En combat, si un ~Garde Royal~ est présent dans le combat, le ~Chevaucheur de sanglier~ a +2FOR.","Cavalier, Elite, Résistant",,,A faire,
,2,3,2,Oui,Unité,Chevaucheur Gobelin,"Le ~Chevaucheur Gobelin~ a +1PV et PUGNACE jusqu'à la fin de la phase de combat, à l'instant où l'unité ~Gwor~ se retrouve dans le même combat que le ~Chevaucheur Gobelin~.",Gobelin,,,A faire,
,2,2,3,Oui,Unité,Chimiste,Action: Payez 1OR pour chercher dans votre deck une carte Alchimie. Révelez-la et prenez-la en main. (Max1),"Jet, Alchimie",,,A faire,
,3,3,3,,Unité,Chouette des Cimes,Action: Mettez 1 dommage sur la ~Chouette des Cimes~ pour regarder la main de votre adversaire.,Créature,Pugnace,,A faire,
,2,,,,Bâtiment,Clairière de Vie,"Quand une carte est défaussée depuis votre main, mettez-la sous votre deck au lieu de votre défausse.",Dolmen,,,A faire,
Le XXXe corps a encerclé l'ennemi danc cette cité. Des combats terribles y on eu lieu.,,,3,,Lieu,Clif,Action: Défaussez une carte de votre main pour soigner 2 dommages présents sur ~Clif~. (Max1),"QG, Ville",,,A faire,
,2,,,,Plan,Collecte de rumeurs,"A l'instant: Cherchez dans votre deck une carte Secret, révélez-la et prenez-la en main.",Royaume,,,A faire,
,,,4,,Lieu,Colline Boisée,,"Forêt, Colline",,,A faire,
,,,4,,Lieu,Colline de la désolation,,"Désert, Colline",,,A faire,
,1,,,Oui,Bâtiment,Comission des Taxes,"Fin de la phase combat, gagnez 1OR pour chaque carte Noble que vous contrôlez.",Etat,,,A faire,
,0,,,,Événement,Commerce,Gagnez 2OR.,Commerce,,,A faire,
,3,3,3,,Unité,Comte Vampire,"A la fin de la phase de Combat, retirez tous les dommages sur cette unité.","Mort-Vivant, Seigneur, Vampire",Pas d'équipement,,A faire,
,2,,,,Événement,Concoction de poison,"Faites X dommages à une unité (Max 4 dommages), X étant le nombre d'unité que vous contrôlez ayant POISON.",Alchimie,,,A faire,
,1,,,,Événement,Conjuration,Défaussez une carte avec le trait Déchu de coût 3OR ou moins.,Rituel,,,A faire,
,0,,,,Événement,Consulter les Archives,"Regardez les 3 premières cartes du dessus de votre deck. Mettez en une dans votre main, une sous votre deck et une sur le dessus de votre deck.",Sort,,,A faire,
,1,,,,Événement,Contournement,Donnez -2 FOR à une unité adverse dans le combat.,Manoeuvre,,,A faire,
,2,,,,Plan,Contrôle des autorités,"A l'instant: Cherchez dans votre deck une carte Etat ou Impot, révélez-la et prenez-la en main.",Royaume,,,A faire,
,1,,,,Événement,Contrôle mental,Choisissez une unité. L'unité choisie ne peut pas être assignée en attaque ou en défense pendant ce tour.,Sort,,,A faire,
,1,0,3,,Unité,Corbeau veilleur,"Quand le Corbeau veilleur arrive en jeu, vous pouvez aller chercher dans votre deck une carte ~Corbeau veilleur~, révélez-la et prenez-la en main.
",Créature,,,A faire,
,0,,,,Équipement,Corne d'abondance,"(UNITE) Une fois par tour, vous pouvez ignorez le premier point de dommage subi par l'unité équipée.
",Bijou,"Rapide, Fragile",,A faire,
,5,,,,Plan,Corrompu !,"A l'instant: Prenez le contrôle d'une carte Déchu jusqu'à la fin de la phase de Combat, mettez-la dans votre citadelle. (l'unité retourne dans la Citadelle de son propriétaire).",Traîtrise,,,A faire,
,0,,,,Événement,Coup au but,Défaussez 2 cartes d'un deck,Secret,,,A faire,
,1,,,,Événement,Coup de Grâce,Donnez à unité MORTEL jusqu'à la fin du tour.,Manoeuvre,,,A faire,
,1,,,,Équipement,Couronne enchantée,"(UNITE A VOUS) // Action: Regardez la carte au dessous de votre deck, vous pouvez la piocher si vous le désirez. (Max1)",Bijou,,,A faire,
,3,3,3,,Unité,Croco,"Quand le ~Croco~ est en combat dans un lieu Marais, il a +1FOR et +1PV",Créature,Pas d'équipement,,A faire,
,,,2,,Lieu,Crypte,"Au debut de la phase de Combat, les unités non-Créature et non-ETHERE qui sont dans ce lieu doivent subir 1 dommage.","QG, Marais, Cimetière",,,A faire,
,1,0,2,,Unité,Cultiste,"Action: Retirez tous les dommages à une unité Mort-vivant ou Seigneur, puis tuez le ~Cultiste~.",Compagnon,,,A faire,
En fin de journée je vais aller me détendre aux thermes.,2,2,2,Oui,Unité,Cyrille le petit cochon,"Quand ~Cyrille le petit cochon~ a un équipement Arme, il gagne Magicien et +1PV.
","Créature, Compagnon",Précis,,A faire,
,0,,,,Équipement,Dague d'opportunité,"(UNITE) Quand la ~Dague d'opportunité~ est défaussée du deck ou de la main, vous pouvez l'équiper immédiatement à une unité que vous contrôlez. L'unité équipée a +1FOR",Arme,Fragile,,A faire,
,1,1,1,Oui,Unité,Dame Bethany,"Action: En combat, payez 1OR pour retournez une unité non-Temple contrôlée par votre adversaire vers la Citadelle de son propriétaire et soignez l’unité retournée de 1 dommage. (Max1)","Dolmen, Magicien",,,A faire,
,3,,,,Plan,Damnation éternelle,"Dès qu'une unité que vous contrôlez est tuée ou défaussée du jeu, elle est mise sous le deck de son propriétaire à la place de la défausse.",Tactique,,,A faire,
,1,1,5,,Unité,Damné,,"Déchu, Temple","Faiblesse, Pas d'équipement",,A faire,
,,,4,,Lieu,Défense d'acier,"Quand vous devez infliger des dommages lors de la résolution du combat, vous pouvez infliger des dommages sur ce lieu à la place des unités. (les dommages PRECIS ne sont pas affectés par cet effet)",Forteresse,,,A faire,
,1,,,,Plan,Défense Héroique,"Vous ne pouvez pas assigner d'unités en attaque. En combat, vos unités ont +3PV jusqu'à la fin du combat.",Stratégie,,,A faire,
,0,,,,Bâtiment,Dépôt de matériel,Action: Payez 1OR pour chercher une carte Armure dans votre deck. Révélez-la et prenez-la en main. (Max1),Construction,Rapide,,A faire,
,4,,,,Plan,Dévaluation,"A la fin de chaque phase, le pion OR se déplace d’une case en direction de la case Zéro.",Commerce,,,A faire,
Pas un pas en arrière !,2,,,,Événement,Directive 227,"En combat, doublez la valeur de PV d’une unité dans le combat jusqu’à la fin du combat. L'unité gagne PUGNACE jusqu'à la fin de la phase.",Secret,,,A faire,
"Les gars, pas un bruit.",4,,,,Plan,Discrétion,"Ce tour, uniquement les unités de coût imprimé de 2OR ou moins peuvent être assignées en attaque.",Tactique,,,A faire,
,2,,,,Plan,Diversion,À l'instant: Soignez jusqu'à 4 dommages à l'une de vos unités. Action: Mettez l'une de vos unités en jeu au-dessus de votre deck et une carte de votre défausse sous votre deck.,Stratégie,,,A faire,
"Il faut être très précis, la mesure doit faire 2,21 cm",3,1,5,Oui,Unité,Doc le Bricoleur,Action: Infligez 1 dommage à ~Doc le Bricoleur~ pour récupérer en main un équipement non-FRAGILE depuis votre défausse. (Max1),Erudit,,,A faire,
,3,3,3,,Unité,Doctor Vaudou,Action: Payez 1OR  pour soigner une unité de 1 dommage. (Max1),Troll,,,A faire,
,1,,,,Bâtiment,Dolmen de la Nature,"Après avoir joué un événement Sort, placez la carte sous votre deck à la place de votre défausse. (Max2)","Dolmen, Nature",,,A faire,
,,,4,,Lieu,Dolmen de la nuit,"Au début de la phase de Combat, vos unités Dolmen présentes dans ce lieu, gagnent PUGNACE jusqu'à la fin de la phase.",Dolmen,,,A faire,
,0,,,Oui,Bâtiment,Dolmen du Crépuscule,"Après avoir joué une carte équipement de votre main, vous pouvez piocher immédiatement une carte.","Construction, Dolmen",,,A faire,
,X+1,Y,Z+1,Oui,Unité,Doppelgänger,"Quand vous jouez le ~Doppelgänger~, choisissez une unité non-Ancien. X # égale au coût de l'unité choisie. Y FOR et Z PV sont égaux aux valeurs imprimées de l'unité choisie.","Déchu, Ancien",Mortel,,A faire,
,5,5,4,Oui,Unité,Dragon Argenté,"En combat, quand le ~Dragon Argenté~ attaque ou défend dans un lieu Montagne il a +1FOR et +1PV jusqu'à la fin du combat.","Créature, Magicien",,,A faire,
,5,2,8,Oui,Unité,Dragon des Bois,Les dommages fait par le ~Dragon des Bois~ peuvent affecter les unités ETHERE (dommages normaux),Créature,Poison,,A faire,
,5,5,5,Oui,Unité,Dragon des Plaines,"En combat dans un lieu Colline, le ~Dragon des Plaine~ gagne +1FOR",Créature,,,A faire,
,2,3,1,,Unité,Dragon Mouche,Le ~Dragon Mouche~ ne peut être assigné que dans un lieu QG,"Créature, Magicien",Mortel,,A faire,
,5,6,4,Oui,Unité,Dragon Noir,"Quand le ~Dragon Noir~ est dans un lieu Marais, il a +2PV.","Créature, Inflammable, Esprit",,,A faire,
,3,2,3,,Unité,Dragon Zombie,"Action: En combat, infligez 2 dommages au ~Dragon Zombie~ pour infliger 2 dommages à une unité dans ce combat.","Créature, Mort-Vivant",,,,
,1,,,,Événement,Drainer les âmes,"En combat, infligez 2 dommages à une unité non-ETHERE dans le combat. Vous pouvez soigner jusqu'à 2 dommages une unité ETHERE ou Vampire présente dans le combat.","Sort, Magicien",,,A faire,
,2,1,3,,Unité,Dryade,"Action: En combat, défaussez la ~Dryade~ pour renvoyer du combat une unité adverse vers la Citadelle de son contrôleur","Magicien, Esprit",,,A faire,
,1,,,,Événement,Duel,"En combat, choisissez deux unités non-ETHERE dans ce combat, une unité adverse et une des vôtres. Chaque unité choisie inflige à l’autre unité des dommages égaux à sa force. (les mots clés sont résolus).",Manoeuvre,,,A faire,
,2,,,,Événement,Eboulement,Envoyez une unité qui se trovue dans un de vos lieu vers la Citadelle de son propriétaire,Sort,,,A faire,
,1,,,,Plan,Echanges commerciaux,A l'instant: Cherchez dans votre deck une carte Commerce. Revelez-la et prenez-la en main. Chaque joueur choisi un de ses lieux. Il ne pourra pas y avoir de résolution de combat ce tour dans les lieux choisis.,Commerce,,,A faire,
,6,,,,Plan,Echo,"A l'instant: Résolvez l'effet ""A l'instant:.."" du plan non-Echo de votre adversaire.","Traîtrise, Echo",,,A faire,
,2,,,,Événement,Eclair,Infligez 2 dommages à une unité ou 4 dommages à la place si l'unité est Machine.,"Sort, Magicien",,,A faire,
,1,1,1,,Unité,Eclaireur,"Quand vous jouez une carte Manoeuvre, vous pouvez piocher une carte.","Infanterie, Forestier",,,A faire,
,2,,,Oui,Bâtiment,Ecole de guerre,"Au début de la phase de Combat, choisissez jusqu'à 3 unités Infanterie. Les unités choisies ont +1FOR et +1PV jusqu'à la fin de la phase.","Construction, Temple",,,A faire,
,2,1,2,,Unité,Ecuyer de l'Aube,"Quand l'~Ecuyer de l'Aube~ quitte le jeu, gagnez 2OR.","Aube, Temple",,,A faire,
,2,1,2,,Unité,Ecuyer de l'Ordre,"Action: En combat, défaussez l'~Ecuyer de l'Ordre~ pour infliger 2 dommages à une unité adverse dans ce combat.","Ordre, Temple",,,A faire,
,3,2,3,,Unité,Elémentaire d'Air,"En combat, vos autres unités Air et Feu ont +1FOR dans le combat. En combat, vos autres unités Terre ont -1FOR jusqu'à la fin du combat et perdent PUGNACE jusqu'à la fin de la phase.","Air, Magicien, Esprit","Pas d'équipement, Ethéré",,A faire,
,3,3,3,,Unité,Elémentaire d'Eau,"En combat, vos autres unités Eau et Terre ont +1FOR dans le combat. En combat, vos autres unités Feu ont -1FOR et perdent PRECIS dans le combat.","Eau, Esprit, Magicien","Poison, Pas d'équipement",,A faire,
,4,4,4,,Unité,Elémentaire de Feu,"En combat, vos autres unités Feu et Air ont +1FOR dans le combat. En combat, vos autres unités Eau ont -1FOR et perdent POISON dans le combat.","Magicien, Esprit, Feu","Précis, Pas d'équipement",,A faire,
,4,3,5,,Unité,Elémentaire de Terre,"En combat, vos autres unités Terre et Eau ont +1FOR dans le combat. En combat, vos autres unités Air ont -1FOR et perdent ETHERE dans le combat.","Esprit, Magicien, Terre","Pas d'équipement, Pugnace",,A faire,
,3,3,4,,Unité,Elephant,"Quand l'~Eléphant~ défend dans un lieu ravagé, il a +1PV jusqu'à la fin du combat",Créature,Pugnace,,A faire,
"Quand on entre dans une telle zone, on doit s'arreter et observer la situation",4,,,,Plan,Elimination Zone Offensive Compliquée (EZOC),A l'instant: Vous pouvez défausser un équipement Piège ou un équipement Fortification du jeu.,Malédiction,,,A faire,
,0,,,,Équipement,Elixir des Dieux,"(UNITE) A la fin de la phase de Combat, si l’unité équipée est Noble, Seigneur ou Compagnon elle se soigne de 2 dommage.",Alchimie,Rapide,,A faire,
,0,,,,Événement,Embuscade,"En combat, mettez en jeu (en payant son coût) depuis votre main une unité en attaque, d'un coût égal ou inférieur au nombre de défenseurs présents dans le combat actuel. A la fin du combat, si l'unité est encore en jeu vous la reprenez en main.",Manoeuvre,,,A faire,
,3,,,,Plan,Emeutes,A l'instant: Chaque joueur choisit 2 bâtiments qu'il contrôle. Les bâtiments non choisis sont défaussés.,Malédiction,,,A faire,
,1,,,,Événement,Encerclement,"En attaque, donnez à une de vos unités +X FOR dans le combat jusqu'à la fin du combat. X égal au nombre d'unités contrôlées par l'adversaire dans le combat.","Tactique, Manoeuvre",,,A faire,
,0,,,,Équipement,Enchantement tribal,"(UNITE) Quand l'unité est tuée ou qu'elle se retrouve avec autant ou plus de dommages que ses points de vie, retirez 1 dommage de l'unité et défaussez cet équipement.",Enchantement,Fragile,,A faire,
,2,2,2,,Unité,Enchanteresse,"En combat, vos autres cartes Esprit ont +1FOR","Magicien, Noble, Dolmen",,,A faire,
,1,,,,Événement,Enchevêtrement,"Choisissez une unité. Quel que soit les modificateurs, sa FOR est toujours égale à 1",Sort,,,A faire,
,1,,,,Plan,Encore un petit effort,"Action: Pendant la phase d'Assignation, si vous contrôlez moins d'unités que votre adversaire, vous pouvez mettre en jeu une unité depuis votre main dans votre Citadelle, en payant son coût. ",Tactique,,,A faire,
Mes parents se voyaient en secret sous un chêne.,2,1,3,Oui,Unité,Enfant caché,"Quand l'~Enfant caché~ entre en jeu, vous pouvez chercher dans votre deck une carte Bijou et la prendre en main","Temple, Noble",Pas d'équipement,,A faire,
,0,,,,Équipement,Engagement,"(UNITE A VOUS, NON-DOLMEN) L’unité équipée gagne le trait Temple.",Condition,Rapide,,A faire,
,1,,,,Événement,Enragée,"Pendant une combat, choisissez une Créature, elle a +2 FOR et +2PV. A la fin du combat, l'unité est placée dans votre défausse. (même si elle ne peut pas être défaussée)","Enchantement, Malédiction",,,A faire,
,0,,,,Bâtiment,Enragement,Action: Payez 2OR pour donnez à une unité Créature le mot clé MORTEL jusqu'à la fin de la phase.,Amélioration,,,A faire,
Vite prennons cette épée avant que le petit elfe qui joue de la flûte la prenne.,1,,,,Équipement,Epée Magique,"(UNITE) L'unité équipé a +1FOR, +1PV et gagne Magicien",Arme,Rapide,,A faire,
Avec moi ils n'ont pas le choix,3,1,4,Oui,Unité,Eph tueur d'arc-en-ciel,~Eph tueur d'arc-en-ciel~ a +1FOR pour chaque trait différent présent parmi les unités adverses dans le combat. (Max +4FOR),Seigneur,,,A faire,
,2,,,,Événement,Escarmouche,"Dans un combat, infligez 2 dommages à une unités adverse, 1 dommage à une autre unité adverse et 1 dommage à une de vos unités. (Il faut au moins 2 unités adverses et une de vos unités présentes qui peut subir un dommage pour jouer cette carte)","Manoeuvre, Magicien",,,A faire,
,0,,,,Événement,Escroquerie,Divisez l'or disponible votre adversaire par 2 (Montant en faveur de votre adversaire sur l'échelle de l'OR. (Le solde d'or est arrondi à l'inférieur),Commerce,,,A faire,
,5,,,,Plan,Espionnage,"A l'instant: Révélez au hasard 2 cartes de la main de votre adversaire, puis mettez en une sous son deck et l'autre retourne dans sa main.",Traîtrise,,,A faire,
Je vais aller voir ce que prépare oncle Dave,2,2,2,,Unité,Espionne,"En combat, si vous contrôlez une unité Temple dans ce combat, l'~Espionne~ a +1FOR et +1PV jusqu'à la fin du combat.","Crépuscule, Dolmen",Poison,,A faire,
,1,1,1,,Unité,Esprit des rivières,,"Eau, Esprit",Poison,,A faire,
,3,3,3,,Unité,Esprit du roc,,"Esprit, Résistant",Ethéré,,A faire,
,2,2,2,,Unité,Esprit Vengeur,,"Esprit, Mort-Vivant, Magicien",,,A faire,
,0,,,,Équipement,Eté torride,"(Lieu Desert, Marais) En combat, les unités ont -1FOR dans ce lieu.",Saison,,,A faire,
,3,,,,Plan,Etude d'ingénieur,A l'instant: Cherchez dans votre deck une unité Machine. Révélez-la et prenez-la en main.,Royaume,,,A faire,
,2,,,,Événement,Eve relève toi,"Choisissez une carte de coût 3OR ou moins dans la défausse de l'adversaire et mettez la en jeu dans votre Citadelle et sous votre contrôle jusqu'à la fin de la fin de la phase de Combat. Si elle est encore en jeu à la fin de la phase de Combat, mettez-la sous le deck de son propriétaire.",Rituel,,,A faire,
,3,,,,Plan,Explosion d'épines,A l'instant: Toutes les unités en jeu subissent 1 dommage.,Condition,,,A faire,
,2,,,,Événement,Explosion de puissance,Infligez 2 dommages à une unité. Vous pouvez retirer de la partie 5 cartes de votre défausse pour infliger 1 dommage supplémentaire à cette même unité.,Sort,,,A faire,
"Ce jeu, n'est pas un jeu de chance mon ami. Il y a des dés !",1,,,,Événement,Fallait pas piocher !,Révélez la carte du dessous de votre deck. Gagnez le même nombre en or que le coût de la carte révélée. La carte révélée retourne sous votre le deck.,Chance,,,A faire,
,1,1,2,,Unité,Familier d'Air,,Air,Ethéré,,A faire,
,1,1,2,,Unité,Familier d'Eau,,Eau,Poison,,A faire,
,2,3,1,,Unité,Familier de Feu,,Feu,Précis,,A faire,
,2,2,3,,Unité,Familier de Terre,,Terre,Pugnace,,A faire,
,1,1,2,,Unité,Fantôme,"Après la résolution d’un combat où le ~Fantôme~ a défendu, à la place de retourner à la Citadelle avec les unités survivantes, il peut être envoyé en attaque dans un combat encore non résolu",Spectral,Ethéré,,A faire,
,2,3,1,,Unité,Fantôme du Héro,,"Noble, Esprit, Magicien",Ethéré,,A faire,
,2,2,2,,Unité,Farfadet,,"Résistant, Rebelle",Ethéré,,A faire,
,2,2,2,Oui,Unité,Fée,"En combat, vos unités Elite ont +1FOR dans ce combat.",Magicien,,,A faire,
,0,,,,Événement,Feinte,"En combat, donnez -2FOR à une unité adverse et à une de vos unités. (Il faut au moins une unité adverse et une unité à vous pour jouer cette carte)",Manoeuvre,,,A faire,
,1,,,Oui,Bâtiment,Ferme,Action: Payez 1OR pour donner +1FOR ou +1PV à une unité jusqu'à la fin du tour (Max2),Construction,,,A faire,
,1,,,,Événement,Feu nourri,Toutes vos unités Jet présentes à l'instant dans le combat ont +1FOR jusqu'à la fin du combat.,Manoeuvre,,,A faire,
,2,,,,Événement,Fièvre de l'or,"En combat, prenez le contrôle d'une unité d'un coût de 2OR ou moins présente dans ce combat et mettez-la dans votre Citadelle. A la fin de la phase de Combat l'unité retourne dans la Citadelle de son propriétaire sous son contrôle",Déchu,,,A faire,
Oncle Dave redoute cette arme.,0,,,Oui,Équipement,Fléau maudit,"(UNITE) L'unité équipée a +2FOR. Chaque fois que l'unité est assignées en attaque ou en défense, elle subi 2 dommages. (si elle se retrouve en attaque ou en défense par un effet, elle ne subi pas de dommages)",Arme,Fragile,,A faire,
,2,2,2,Oui,Unité,Flochette,Action: Défaussez ~Flochette~ pour soigner totalement une unité,"Résistant, Esprit",,,A faire,
La dernière foi que j'ai été à la taverne on m'a dit que je dessinais bien.,3,3,4,Oui,Unité,Florent le dessinateur,"Action: En combat, défaussez ~Florent le dessinateur~ pour défausser une unité Dolmen du combat.","Résistant, Compagnon, Temple",,,A faire,
Je dois décider juste...,1,2,2,Oui,Unité,Florian l'hésitant,"Vous ne pouvez pas assigner en combat ~Florian l'hésitant~ tant que vous avez une autre unité dans votre Citadelle. Si cette unité est la seule que vous contrôlez, elle ne peut pas être assignées en combat.","Compagnon, Temple",,,A faire,
,0,,,Oui,Bâtiment,Fonderie,Action: Défaussez une carte Arme ou Armure que vous contrôlez pour gagner 2OR,Construction,,,A faire,
,0,,,,Bâtiment,Fontaine de Jouvence,"A la fin de la phase de Dette, vous pouvez soigner 2 dommages sur une unité.",Dolmen,,,A faire,
,3,,,,Plan,Force de la nature,"A l'instant: Cherchez dans votre deck une carte Esprit, révélez-la et mettez la dans votre main.",Royaume,,,A faire,
,,,4,,Lieu,Forêt d'altitude,Une carte Fortification jouée sur ce lieu coûte -1OR,"Forêt, Montagne",,,A faire,
,,,3,,Lieu,Forêt des Esprits,Toutes vos unités Forestier ont +1FOR en combat dans ce lieu,Forêt,,,A faire,
,,,3,,Lieu,Forêt enchantée,"Quand vous êtes en combat dans ce lieu, vos cartes Sort coûtent -1OR.",Forêt,,,A faire,
,,,3,,Lieu,Forêt rocailleuse,Toutes les unités Jet ont -1FOR en combat dans ce lieu,"Forêt, Montagne",,,A faire,
,2,2,2,,Unité,Forgeron,"Action: En combat, choisissez une autre unités Mineur. Elle a +1FOR et +1PV jusqu'à la fin du combat.",Mineur,,,A faire,
,1,,,,Plan,Formation accélérée,A l'instant: Choisissez un trait. Les deux premières unités que vous jouez depuis votre main avec le trait choisi vous coûtent -1OR.,Stratégie,,,A faire,
"On subi depuis des jours un barrage de canon, mais on tient bon. Ils ne passeront pas !",,,5,,Lieu,Fort de Douovaux,"Si un autre de vos lieux non-ravagé a une boite de texte avec du texte imprimé, Fort de Douovaux à -1PV",Colline,,,A faire,
,2,,,Oui,Bâtiment,Fort de montagne,Vos lieux Montagne sans boîte de texte imprimé ont +2PV,Construction,,,A faire,
,2,,,Oui,Équipement,Forteresse,"(LIEU, non-QG) Le lieu équipé a +4PV","Construction, Fortification",Fragile,,A faire,
,,,3,,Lieu,Forteresse orc,"Action: En defense. mettez en jeu depuis votre main (en payant son coût) dans ce lieu, une unité d'un coût égal ou inférieur au nombre d'attaquant.","QG, Forteresse",,,A faire,
,2,,,Oui,Bâtiment,Fortification,Vos lieux Colline sans boîte de texte imprimé ont +2PV,Construction,,,A faire,
,1,,,,Équipement,Fortification d'urgence,(LIEU NON-QG) Le lieu équipé a +2PV ou si équipé à une Montagne à la place a +3PV,Fortification,Rapide,,A faire,
,,,5,,Lieu,Fortin,"A la fin du combat dans ce lieu, si le ~Fortin~ a subi au moins 1 dommage ou est ravagé, vous devez défausser une carte du dessus de votre deck. Le moment où le ~Fortin~ est ravagé en combat, il n'y a pas de bonnus de ravage.","QG, Colline",,,A faire,
,1,,,,Équipement,Fossé,"(LIEU A VOUS) Action: En combat, défaussez le ~Fossé~ de ce combat, pour infliger 1 dommage à une unité de coût 3OR ou moins et la renvoyer dans la Citadelle de son propriétaire",Fortification,Rapide,,A faire,
,1,,,,Équipement,Fosse à pieux,(LIEU) Le lieu équipé a +2FOR,Piège,Rapide,,A faire,
Je l'ai volé a un archéolgue qui fouillait un temple,1,,,,Événement,Fouet du maitre,"Pendant un combat, choisissez jusqu'à trois unités que vous contrôlez et infligez-leur 1 dommage. Toutes les unités auxquelles vous avez infligé 1 dommage par cet effet, ont +2FOR jusqu'à la fin du tour",Manoeuvre,,,A faire,
"Perre Thierry, tu te souviens ? J'étais là et toi tu étais là.",2,1,4,Oui,Unité,Frère Jean,Vous pouvez ignorer le premier dommage de dette que vous subissez à chaque tour,"Compagnon, Temple",,,A faire,
"Frère Jean m'a demandé si j'étais sùr de moi. Attend une minute, maintenant, je suis pas totalement sûr !",2,4,1,Oui,Unité,Frère Marcol,"Pour chaque carte Dolmen que vous contrôlez en jeu, Frère Marcol a -1FOR","Compagnon, Temple",,,A faire,
,1,,,,Équipement,Fusil,(UNITE) L'unité équipée gagne PRECIS et a +1FOR,Arme,,,A faire,
,1,1,2,,Unité,Fusilier,Quand cette unité a une carte Arme équipée elle a +1FOR,"Infanterie, Jet",,,A faire,
,2,2,2,,Unité,Garde Royal,"Le ~Garde Royal~ ne peut pas quitter le combat, sauf si il est tué ou défaussé.","Elite, Infanterie, Résistant",Pugnace,,A faire,
,3,2,3,,Unité,Général Nain,"En combat, vos unités Infanterie ont +1FOR et +1PV dans le combat","Noble, Officier",,,A faire,
,2,,,,Plan,Glaciation,Tous les lieux ont leur boîte de texte vidée. (A l'exception des traits),Condition,,,A faire,
,2,2,2,,Unité,Gobelimpatient,"Tant que ~Goblimpatient~ est dans un lieu en attaque, l'adversaire ne peut pas assigner d'unités qui coûtent 3OR ou plus dans ce lieu.","Cavalier, Gobelin",,,A faire,
,2,3,3,,Unité,Gobelin couard,"En combat, à l'instant où l'adversaire a plus d'unités que vous, renvoyez le ~Gobelin Couard~ dans votre Citadelle.",Gobelin,,,A faire,
,1,1,1,,Unité,Gobelin coupaing,"Quand ~Gobelin Coupaing~ arrive en jeu, vous pouvez mettre immédiatement un autre Gobelin en jeu depuis votre main (en payant son coût).",Gobelin,,,A faire,
,1,1,1,,Unité,Gobelin d'assaut,"En combat, s'il n'y a pas de défenseur dans le combat impliquant ~Gobelin d'assaut~, celui-ci a +2FOR jusqu'à la fin du combat.",Gobelin,,,A faire,
,2,2,1,,Unité,Gobelin épineux,"Quand le ~Gobelin épineux~ est tué ou défaussé, vous pouvez infliger 1 dommage à une unité en jeu.",Gobelin,,,A faire,
,0,0,1,,Unité,Gobelin mercenaire,Action : Payez 1OR pour donner au ~Gobelin mercenaire~ +1FOR jusqu'à la fin du tour. (Max2),Gobelin,,,A faire,
,1,1,1,,Unité,Gobelin pêcheur,"Quand vous jouez le ~Gobelin pêcheur~ de votre main, cherchez un Gobelin de votre défausse. Révélez-le et prenez-le en main.",Gobelin,,,A faire,
,2,2,2,,Unité,Gobelin perfide,"En combat, si vous contrôlez plus d'unités que l'adversaire dans ce combat, le ~Gobelin perfide~ gagne MORTEL.","Gobelin, Magicien",,,A faire,
,2,1,1,,Unité,Gobelin recycleur,"Quand vous jouez le ~Gobelin recycleur~ depuis votre main, vous pouvez mettre en jeu un Gobelin gratuitement de votre défausse de coût 1OR ou moins",Gobelin,,,A faire,
,2,4,4,,Unité,Gobelin sapeur,"Quand vous jouez le ~Gobelin sapeur~ depuis votre main, détruisez un de vos Lieu. (Ne faites pas l'effet de ravage)",Gobelin,Mortel,,A faire,
,0,0,3,,Unité,Gobelin sauteur,Action: Récupérez le ~Gobelin sauteur~ en main.,Gobelin,,,A faire,
,5,4,6,Oui,Unité,Golem de Pierre,"En attaque, jusqu’à la fin du combat, le ~Golem de Pierre~ a -2FOR et +2PV. // En défense, jusqu’à la fin du combat, le ~Golem de Pierre~  a +2FOR et -2PV.",Créature,Pas d'équipement,,A faire,
,4,4,4,Oui,Unité,Grand Maître de l'Aube,"Quand le ~Grand Maître de l'Aube~ arrive en jeu, vous pouvez cherchez dans votre deck ou votre défausse une carte Aube, la reveler et la prendre en main.","Temple, Aube",,,A faire,
,4,4,4,Oui,Unité,Grand Maître de l'Ordre,"Quand le ~Grand Maître de l'Ordre~ arrive en jeu, vous pouvez cherchez dans votre deck ou votre défausse une carte Ordre la révéler et la prendre en main.","Temple, Ordre",,,A faire,
,3,3,4,,Unité,Grand Prêtre,"En combat, le coût des cartes Sort joué par votre adversaire pendant ce combat coûtent +1OR.","Magicien, Noble",,,A faire,
,1,,,,Plan,Grands projets de construction,A l'instant: Vous pouvez chercher dans votre deck une carte bâtiment. Révélez-la et prennez-la en main.,Royaume,,,A faire,
,4,3,7,Oui,Unité,Gregorio,"Tant que cette unité est en défense, vous ne pouvez pas assigner d'unités dans ce combat",Minotaure,Pas d'équipement,,A faire,
Once Dave: Frère Jean ! lance pas la grenade maintenant. Frère Jean: Oups!,0,,,,Équipement,Grenade Type JN1975,"(UNITE A VOUS) Action: En combat, défaussez cette carte. Votre adversaire choisit soit de défausser l'une de ses unités dans ce combat, soit de répartir 3 dommages parmi ses unités dans ce combat.",Arme,,,A faire,
,2,2,2,,Unité,Grenadier,Quand cette unité a une carte Arme équipée elle a +2PV,Jet,,,A faire,
,5,4,6,Oui,Unité,Griffon,"Après le résolution du combat, à la place de retourner à la Citadelle avec les unités survivantes, le ~Griffon~ peut être mis en défense dans un combat encore non résolu (Max1)",Créature,Pas d'équipement,,A faire,
,4,4,4,,Unité,Gros tas recousu,"En phase d'Organisation, vous pouvez défausser du jeu 2 unités que vous contrôlez et mettre ~Gros tas recousu~ gratuitement  en jeu depuis votre main dans votre Citadelle (cela compte comme une action)",Mort-Vivant,,,A faire,
,,,1,,Lieu,Grotte,Un maximum d'une unité peut être assignée en attaque dans ce lieu.,"Souterrain, QG",Pas d'équipement,,A faire,
,1,,,Oui,Bâtiment,Grotte de rafistolage,"Quand une carte est jouée depuis votre défausse, si c'est une unité elle a +1FOR jusqu'à la fin du tour","Secret, Rituel",,,A faire,
,1,,,Oui,Bâtiment,Grotte humide,Vos lieux Souterrain ont +1FOR,Nature,,,,
,2,3,2,,Unité,Groupe de Gobelins,"En combat, si vous contrôlez plus d'unités dans le combat que l'adversaire, le ~Groupe de Gobelins~ a +1FOR",Gobelin,,,A faire,
,2,4,1,,Unité,Grunt,,"Orc, Déchu",,,A faire,
,1,,,,Événement,Guérison suprême,Soignez 3 dommages au total parmi deux de vos unités. (Peut soigner une unité de 3 dommages ou une unité de 2 dommages et une autre de 1 dommage),Sort,,,A faire,
,1,1,2,,Unité,Guerrier,,Mineur,,,A faire,
,1,1,1,,Unité,Guerrier de cristal,,"Esprit, Terre",Mortel,,A faire,
,1,1,1,,Unité,Guerrier enflammé,,"Feu, Esprit, Magicien",Précis,,A faire,
,2,2,3,,Unité,Guerrière au bouclier,Un équipement joué sur cette carte vous coute -1OR,Dolmen,Pugnace,,A faire,
,1,1,2,,Unité,Guerrière elfe,,"Infanterie, Forestier",,,A faire,
,2,2,3,Oui,Unité,Gwor,"En combat, ~Gwor~ a +1FOR et gagne PRECIS jusqu'à la fin du combat à l'instant où le ~Chevaucheur Gobelin~ participe au même combat que ~Gwor~",Créature,,,A faire,
,2,2,3,,Unité,Hallebardier,"En défense, le ~Hallebardier~ a +1FOR jusqu'à la fin du combat",Infanterie,,,A faire,
,2,2,2,,Unité,Harpie,,Créature,Précis,,A faire,
,0,,,,Équipement,Heaume Maudit,(UNITE) L’unité équipée a +2PV et -2FOR,Armure,Rapide,,A faire,
,4,4,5,,Unité,Héro intrépide,,"Infanterie, Résistant",,,A faire,
,0,,,,Équipement,Hiver rude,"(LiIEU MONTAGNE) Pour assigner une unité en attaque dans ce lieu, le joueur doit soit payer 1OR, soit défausser une carte de sa main.",Saison,Rapide,,A faire,
,4,4,5,,Unité,Homme Arbre,,"Créature, Inflammable",Pugnace,,A faire,
,2,2,3,,Unité,Homme d'armes,"Action: En combat, défaussez cette carte pour chercher dans votre deck une unité Noble et la mettre en jeu dans le combat en payant le coût de l'unité -1OR. A la fin de la phase Combat, si cette carte Noble est encore en jeu mettez la sous votre deck.",Infanterie,,,,
,2,,,,Bâtiment,Hôpital,"Fin de phase Dette, toutes vos unités non-Esprit, // non-Mort-Vivant se soignent de 1 dommage","Dolmen, Etat",,,A faire,
,0,,,Oui,Bâtiment,Hopital Gobelin,"A l'instant où vous jouer votre premier Gobelin du tour, vous pouvez soignez 1 dommage à une unité que vous contrôlez.",Temple,,,A faire,
Il était une fois un fantôme qui cherchait sa pièce d'or...,2,,,,Équipement,Il me manque un,(UNITE) L'unité équipée ne peut pas être assignée en attaque et gagne ETHERE.,Déchu,Fragile,,A faire,
,1,,,,Événement,Il y en aura pour tout le monde,"Pour ce combat, l'adversaire doit répartir les dommages subis lors de la résolution du combat le plus également possible parmi ses unités.","Malédiction, Rituel",,,A faire,
,3,,,,Plan,Ils reviendront,A l'instant: Mélangez dans votre deck autant de carte de votre défausse que de Mort-Vivant que vous contrôlez en jeu (Max 4 cartes).,Stratégie,,,A faire,
,1,,,,Équipement,Inexpérience,(UNITE) Videz la boite de texte imprimée de l’unité équipée à l’exception des traits.,Condition,"Fragile, Rapide",,A faire,
"Il y a un os, je vais perdre une hélice !",3,3,2,,Unité,Infernaloptère,"En combat, vos unités ayant au moins un des traits suivants: Machine ou Jet ont +1FOR dans le combat","Machine, Elite",Précis,,A faire,
,3,1,3,,Unité,Infirmier du Bataillon,"Action: En combat, payez 1OR pour soignez jusqu'à 2 dommages d'une unité dans le combat. (Max1) Action: Payez 1OR pour détruire un équipment Condition sur une de vos unités. (Max1)",Erudit,,,A faire,
,0,,,,Événement,Informateur,Regardez la main de votre adversaire et nommez une carte. Ce tour les cartes portant le nom de la carte nomée coûtent +1OR pour votre adversaire.,Secret,Rapide,,A faire,
,3,2,4,,Unité,Ingénieur,"En combat, vos unités Machine présententes dans le combat ont +1PV. Action: Défaussez l'~Ingénieur~ pour défausser une carte Construction du jeu.",Mineur,,,A faire,
,4,,,,Plan,Initiative fulgurante,"En attaque, vos unités Infanterie ont +2 FOR jusqu'à la fin du combat. Vous ne pouvez pas assigner d'unités Infanterie en défense. Vous ne pouvez pas jouer de votre main des cartes Infanterie.",Tactique,,,A faire,
,3,,,,Plan,Inondation,A l'instant: Choisissez un lieu Lac non-QG. Il ne peut pas y avoir de résolution de combat dans le lieu choisi.,Condition,,,A faire,
,1,,,,Bâtiment,Installation de siège,"A la fin de la phase de Combat, défaussez la première carte du deck de votre adversaire.",Fortification,,,A faire,
,1,,,,Équipement,Intempérie,"(LIEU) Le boite de texte imprimé du lieu équipé est vidée de son texte sauf les traits. (pas la force, ni les points de vie) L'~Intempérie~ arrive en jeu avec 2 compteurs météo sur elle. Fin phase de Dette retirez un compteurs météo. Quand l'~Intempérie~ n'a plus de compteurs météo, défaussez-la.",Condition,Rapide,,A faire,
,1,,,,Événement,Invocation,"En phase de Dette, vous pouvez cherchez un Mort-vivant dans votre deck de coût 3OR ou moins et le mettre en jeu en payant son coùt. Révélez.",Rituel,,,A faire,
,0,,,,Événement,Invocation des compagnons,Regardez les 6 premières cartes de votre pioche. Vous pouvez révéler et prendre en main autant de cartes Créature que vous le souhaitez dans ces 6 cartes. Remélangez le deck avec les cartes restantes que vous avez regardé.,"Sort, Chance",,,A faire,
,2,,,,Équipement,Jambières de rapidité,"(UNITE A VOUS) Fin phase d'Assignation, l'unité équipée peut être déplacée vers un autre lieu où il y a au moins une autre unité présente ou retourner à la Citadelle de son contrôleur.",Armure,"Fragile, Rapide",,A faire,
,3,,,,Plan,Je suis sûr de les avoir vu quelque part,"A l'instant: Cherchez dans votre deck jusqu'à deux équipements pour un coût combiné de 2OR ou moins, puis votre adversaire peut chercher un équipement de coût 1OR ou moins dans son deck. Les joueurs révèlent les cartes cherchées et les prennent en main.",Royaume,,,A faire,
,3,0,5,Oui,Unité,Jérôme de la Confrérie,"Fin phase de Combat, si cette carte a été en combat, mettez un compteur combo sur elle. Action: Défaussez cette unité pour mettre en jeu une carte de coût X# ou moins depuis votre deck. X est égal au nombre de compteur combo sur ~Jerome de la confrérie~ (au minimum 1) .","Compagnon, Temple",,,A faire,
,2,3,2,,Unité,Jeune Vampire,~Jeune Vampire~ a +1 FOR pour chaque autre Vampire que vous contrôlez dans le combat.,"Vampire, Apprenti",,,A faire,
,3,3,3,,Unité,Joaillier,"Quand vous jouer cette carte vous pouvez aller chercher dans votre deck une carte Bijou, la révéler et la mettre dans votre main.",Noble,,,A faire,
"Maintenat, ça va chi..",0,,,,Événement,Jusqu'au dernier,Toutes les unités que vous contrôlez présentes en jeu à l'instant gagnent PUGNACE jusqu'à la fin du tour.,Manoeuvre,,,A faire,
,4,,,,Plan,Justice des Dieux,A l'instant: Vous pouvez choisir une carte Déchu en jeu et la défausser. Le propriétaire de la carte défaussée doit également défausser les deux premières cartes de son deck.,Malédiction,,,A faire,
,2,2,3,,Unité,Justicier,Cette unité a +1 FOR et +1PV pour chaque unité adverse avec le trait Déchu présente dans le combat.,"Infanterie, Cavalier",,,A faire,
,3,1,3,,Unité,Komodo,"En combat, le ~Komodo~ donne +1FOR et +1PV à toutes vos unités Orc et Gobelin dans ce combat.",Créature,,,A faire,
,4,3,2,Oui,Unité,L'Elfe,"Après que ~L'Elfe~ arrive en jeu, vous pouvez cherchez dans votre deck ou votre défausse l'unité ~Le Nain~ et la prendre en main. Si vous jouez ~Le Nain~ ce tour, jouez le gratuitement.","Forestier, Elite, Jet",,,A faire,
,2,3,1,,Unité,L'enragé,,Elite,Pugnace,,A faire,
,2,1,2,,Unité,L’esprit du miroir,"En combat, l' ~Esprit du miroir~ a +1FOR pour chaque unité adverse présente dans le combat.",Esprit,Ethéré,,A faire,
,5,5,4,,Unité,L'immunisé,L'unité ne peut pas être affectée par des cartes Sort,Minotaure,Pas d'équipement,,A faire,
,3,4,3,,Unité,L'orc prévoyant,"Quand  ~L'orc prévoyant~ subi des dommages, vous pouvez défaussez 1 carte du dessus de votre deck pour annuler 1 dommage subi. (Max1)","Orc, Officier",,,A faire,
,3,2,3,,Unité,L'orc solitaire,"En combat, quand ~L'orc solitare~ est la seule unité que vous contrôlez dans le combat, il a +1FOR et +1PV",Orc,Précis,,A faire,
,2,1,1,Oui,Unité,L'orcanisateur,"Quand ~L'orcanisateur~ est en défense, l'adversaire ne peut pas assigner d'unités en attaque dans le lieu défendu par ~L'orcanisateur~.",Orc,,,A faire,
,1,,,,Plan,L'un ou l'autre,"A l'instant: Choisissez 2 unités contrôlées par votre adversaire. Votre adverse doit défausser une des unités choisies. S'il n'a pas au moins 2 unités, dont l'une peut être défaussée, cette effet est ignoré.",Malédiction,,,A faire,
,2,,,Oui,Bâtiment,L'union fait la force,La 3ème carte que vous jouez dans votre tour vous coûte -2OR,Archive,,,A faire,
"La 7e souris s'occupe d'attaquer la ville, nous on sécuriser la côte.",2,2,3,Oui,Unité,La 101e unité,"Après que ~La 101e unité~ arrive en jeu, vous pouvez chercher dans votre deck ou votre défausse l'unité ~La 82e unité~ et la prendre en main.","Elite, Infanterie",,,A faire,
"La 7e souris, s'occupe d'attaquer la ville, nous on attaque la campagne.",2,2,3,Oui,Unité,La 82e unité,"Arès que ~La 82e unité~ arrive en jeu, vous pouvez chercher dans votre deck ou votre défausse l'unité ~La 101e unité~ et la prendre en main.","Infanterie, Elite",,,A faire,
Une bataille térrible c'est déroulée ici. ,,,3,,Lieu,La colline de Kourmaïef,Vos autres lieux Plaine ont +1PV,Colline,,,A faire,
,6,,,,Plan,La corruption ne paie pas,Ce tour toutes les cartes Déchu coûtent +1OR à jouer ou à mettre en jeu. Les unités Déchu ont -1FOR et -1PV jusqu'à la fin du tour.,Traîtrise,,,A faire,
,3,,,,Plan,La force brute compte,"Ce tour, uniquement les unités de coût imprimé de 3OR ou plus peuvent être assignées en attaque.",Tactique,,,A faire,
,0,,,,Bâtiment,La fosse aux serpents,Action: Payer 1OR pour donner à une unité Créature le mot clé POISON jusqu'à la fin de la phase.,Amélioration,,,A faire,
,1,2,2,Oui,Unité,La Jumelle,"En combat, l'unité ~La Jumelle~ a +1FOR et +1PV et gagne MORTEL si vous contrôlez l'unité ~Le Jumeau~ dans ce combat",Déchu,Pas d'équipement,,A faire,
,,1,3,,Lieu,La Montagne des Sapins,,"Forêt, Montagne",,,A faire,
Ils ont défendu le silo à grain jusqu'au dernier.,3,3,3,Oui,Unité,La Mort Noire,Quand ~La Mort Noire~ défend dans un lieu Plaine ou Lac elle a +1 FOR et +1 PV  jusqu'à la fin du combat et gagne PUGNACE jusqu'à la fin de la phase.,"Infanterie, Pirate, Elite",,,A faire,
,2,,,,Événement,La mort vient d'en haut,Votre adversaire doit infliger parmi ses unités un nombre de dommages égal (Max 4 dommages) au nombre de cartes Jet que vous contrôlez.,Manoeuvre,,,A faire,
,3,,,,Plan,La nature est cruelle,A l'instant: Cherchez dans votre deck une unité Créature. Révélez-la et prenez-la en main.,Royaume,,,A faire,
,2,,,,Équipement,La nuit tombée,"(UNITE A VOUS) Dès que l'unité équipée est en attaque dans un lieu et tant qu'elle y reste,  l'adversaire ne peut assigner encore qu'une seule unité en défense dans ce lieu.",Arme,Fragile,,A faire,
,1,,,Oui,Équipement,La pelle de B'Tooloo,"(UNITE) L'unité équipée a +1FOR et POISON. Si ~La pelle de B'Tooloo~ est équipée sur ~B'Tooloo~, il a +1FOR et MORTEL à la place.",Arme,,,A faire,
"Il faut qu'on avance dans les terres, la 101e unité et la 82e unité compte sur nous pour les rejoindre.",,,4,,Lieu,La plage d'Uthoma,,"Lac, Plaine",,,A faire,
,0,,,,Équipement,La soif de sang,"(UNITE A VOUS) A la fin du combat, pour chaque unité adverse tuée pendant et à la résolution du combat, soignez l'unité équipée de 1 dommage.",Enchantement,Rapide,,A faire,
,0,,,,Bâtiment,La tour blanche,"Action: En combat, donnez +1FOR à une unité ETHERE (Max2)","Construction, Malédiction",,,A faire,
,,,4,,Lieu,Lac de montagne,,"Lac, Montagne",,,A faire,
,,,3,,Lieu,Lac salé,Action: Infligez 1 dommage au lac salé pour infliger 1 dommage à une unité présente dans ce lieu.,"Lac, Marais",,,A faire,
,1,,,,Événement,Lait instantané,Videz la boite de texte imprimée d'une unité ou d'un bâtiment jusqu'à la fin du tour. (Les traits sont gardés),"Sort, Commerce",,,A faire,
,2,,,,Équipement,Lance de l'Ordre,"Action: En combat, mettez hors de la partie la ~Lance de l'Ordre~ pour mettre hors de la partie une unité de coût imprimé de 2OR ou moins présente dans ce combat.",Arme,,,A faire,
,1,1,2,,Unité,Lancier,"En défense, le ~Lancier~ a +1FOR jusqu'à la fin du combat.",Infanterie,,,A faire,
,1,,,,Bâtiment,Le canal Guadal,"(LIEU, QG) Le lieu QG équipé a +1FOR et +1PV",Nature,,,,
,3,2,2,Oui,Unité,Le chef d'orchestre,"Action: En combat, infligez 1 dommage à chaque unités contrôlées par votre adversaire dans ce combat (Max1)",Orc,,,A faire,
,0,2,1,,Unité,Le déchu,,"Déchu, Gobelin",Faiblesse,,A faire,
,3,2,4,Oui,Unité,Le dernier des Koï M'an,,Résistant,Poison,,A faire,
,,,3,,Lieu,Le désert des Damnés,"Après la résolution du combat dans ~Le désert des Damnés~ après que les survivants soient retournés à la Citadelle, toutes les unités qui ont participé au combat dans ce lieu, subissent 1 dommage.",Désert,,,A faire,
,,,3,,Lieu,Le Fort du Mort Homme,"Au début de la phase de Combat, vos unités Infanterie et Jet présentes dans ce lieu gagnent PUGNACE jusqu'à la fin de la phase.","QG, Colline",,,A faire,
,2,1,3,,Unité,Le frustré,"Lors de la résolution du combat, vous pouvez inflger les dommages fait par ~Le Frustré~ sur le lieu attaqué à la place des unités. Sa force ne peut pas être modifiée.",Troll,Pas d'équipement,,A faire,
"Dit ""Le hibou""",3,2,5,Oui,Unité,Le Grand Duc,Action: En combat vous pouvez infliger 1 dommage sur ~Le Grand Duc~ pour renvoyer une de vos unités de ce combat vers votre Citadelle.,"Noble, Officier",,,A faire,
,1,2,2,Oui,Unité,Le Jumeau,"En combat, l'unité ~Le Jumeau~ a +1FOR et +1PV et gagne PRECIS, si vous contrôlez l'unité ~La Jumelle~ dans ce combat",Déchu,Pas d'équipement,,A faire,
,,,4,,Lieu,Le lac des Fées,,"Forêt, Lac",,,A faire,
,2,,,,Équipement,Le Marteau du Tonner,(UNITE) L'unité équipée gagne Magicien et +3FOR,Arme,"Rapide, Fragile",,A faire,
,4,2,3,Oui,Unité,Le Nain,"Après que ~Le Nain~ arrive en jeu, vous pouvez cherchez dans votre deck ou votre défausse l'unité ~L'Elfe~ et la prendre en main. Si vous jouez ~L'Elfe~ ce tour, jouez le gratuitement.","Mineur, Elite, Infanterie",,,A faire,
Le seigneur de platine ne gagnera pas,4,3,4,Oui,Unité,Le Rebelle,"Action: En combat, prennez une unité adverse et placez contre vous dans le combat impliquant ~Le Rebelle~ (en défense si vous attaquez et en attaque si vous défendez). (Max1)",Rebelle,,,A faire,
,3,2,2,,Unité,Le représailleur,"En combat ou après le résolution du combat, si ~le représallieur~ subi ou a subi des dommages, vous pouvez infliger 1 dommage au lieu où le combat a été résolu. (Max1)",Troll,Pas d'équipement,,A faire,
,3,4,2,,Unité,Le sang efforcseur,Le ~sang efforcseur~ ne peut pas subir ou avoir de dommages infligé par des unités coutant 2OR ou moins.,Orc,,,A faire,
Personne ne passe !,3,2,3,Oui,Unité,Le seigneur de platine,"Action: Défaussez une carte de votre deck ou de votre main pour infliger 1 dommage à une unité, mais vous ne pouvez pas tuer d’unité avec cette action. (Max2)","Impôt, Etat, Magicien",,,A faire,
,0,,,Oui,Bâtiment,Le trône déchu,"Fin du tour mettez un compteur chaos sur cette carte. Action: en phase d'Organisation, défaussez 2 compteurs chaos pour cherchez dans votre deck une carte Déchu de coût 3OR ou moins et mettez-la en jeu gratuitement.","Malédiction, Déchu",,,A faire,
,,,4,,Lieu,Les havres turquoises,,"Colline, Lac",,,A faire,
,2,1,3,,Unité,Les jumeaux,En combat: ~Les jumeaux~ comptent comme 2 Vampire présents.,"Vampire, Apprenti",,,A faire,
,4,,,,Plan,Les légendes montrent l'exemple,Action: Donnez +1FOR ou +1PV à une unité unique (@) jusqu'à la fin du tour. (Max2),Tactique,,,A faire,
,3,3,3,,Unité,Les marins,Au début du combat soignez toutes vos autres unités présentes dans ce combat de 1 dommage.,Pirate,,,A faire,
,3,2,3,Oui,Unité,Les trois meneurs,"Cette unité ne peut pas être tuée. Si ses points de vie sont réduits à zéro ou elle a autant de dommages que ses points de vie, elle reste en jeu, mais ne peut plus prendre de dommages. A la fin de la phase de Combat, payez 1OR ou défaussez ~Les trois meneurs~","Ancien, Rebelle, Résistant",Pas d'équipement,,A faire,
,4,,,,Plan,Levée du jour,"Action: Choisissez jusqu'à deux unités Temple, elles ont +1FOR et +1PV jusqu'à la fin du tour. (Max1)",Stratégie,,,A faire,
,3,5,5,,Unité,Liche,"A la fin de la phase de Combat, vous devez défaussez autre une unité que vous contrôlez ou vous devez défausser la liche",Magicien,,,A faire,
,4,3,5,,Unité,Licorne,"Action: En combat, infliger 1 dommage à la ~Licorne~ pour retirer le mot clé ETHERE à toutes les unités dans le combat","Magicien, Créature",,,A faire,
Sur le toît il y a plein de danger. Sans nous c'est la catastrophe !,3,3,3,,Unité,Liquidateur,Le ~Liquidateur~ ne peut subir que des dommages dû à la résolution d'un combat.,Héro,,,A faire,
,0,,,,Équipement,Longue vue,(UNITE A VOUS) // Action: Regardez la première carte du deck de votre adversaire. Vous pouvez mettre cette carte sous le deck de votre adversaire,"Objet, Commerce",Rapide,,A faire,
,2,1,1,,Unité,Loup maudit,,"Créature, Déchu","Mortel, Précis, Pas d'équipement",,A faire,
,3,x,5,,Unité,Loup-garou,X FOR est égal aux nombres de dommages sur le ~Loup-garou~,"Créature, Magicien",Pas d'équipement,,A faire,
,2,x,4,,Unité,Louveteau-garou,X FOR est égal aux nombres de dommages sur le ~Louveteau-garou~,Créature,Pas d'équipement,,A faire,
,1,1,1,,Unité,Luciole,,"Air, Esprit, Magicien",Ethéré,,A faire,
,0,,,Oui,Bâtiment,Magic pool,"Quand vous jouez un Gobelin, vous pouvez piocher une carte","Temple, Secret",,,A faire,
,4,1,4,,Unité,Magicien,Action: Votre prochaine carte Sort vous coût -1OR (Max2),"Magicien, Noble",,,A faire,
Séb le Kutuliste m'observe,1,0,3,,Unité,Magicienne du Sang,Défaussez une carte de votre main pour donner +1FOR à la ~Magicienne du Sang~. (Max2),"Magicien, Déchu",,,A faire,
,1,,,,Événement,Maladie,Choisissez une unité de coût 3OR ou moins dans sa zone Citadelle. Cette unité ne peut pas se retrouver dans un lieu jusqu'à la fin de la phase de Combat. ,Condition,,,A faire,
,1,,,,Équipement,Malfonction,(UNITE) L'unité équipée a -2PV,Condition,Fragile,,A faire,
,2,2,2,,Unité,Mama rat,Quand ~Mama rat~ arrive en jeu Vous pouvez aller chercher la carte ~Papa rat~ dans votre deck ou la défausse. Révélez-la et prenez-la en main.,"Créature, Horde",Précis,,A faire,
,3,3,4,,Unité,Mantelet,"En combat, s'il y a une unité Jet adverse présente dans le combat, le ~Mantelet~ a +1PV jusqu'à la fin du combat.",Fortification,,,A faire,
,,,4,,Lieu,Marais des âmes damnées,Ce lieu a +1PV pour chaque autre lieu Marais non-ravagé que vous contrôlez,Marais,,,A faire,
Il ont participé à l'expédition de Palipoli,3,2,2,Oui,Unité,Maraudeur Expériementé Fortifié (MEF),"En attaque, le ~Maraudeur Expérimenté Fortifié (MEF)~ gagne ETHERE et +2PV","Elite, Pirate, Crépuscule",Précis,,A faire,
,,,3,,Lieu,Marécage,Toutes les unités dans ce lieu ont -1FOR,Marais,,,A faire,
I'm Jonathan and I approve this message.,2,,,,Équipement,Masque de Skrolzor,(UNITE A VOUS) L'unité équipée gagne PRECIS et +1PV et +1FOR,Armure,Rapide,,A faire,
,2,,,,Plan,Mauvaises fondations,A l'instant: Vous pouvez choisir un bâtiment et le défausser.,Malédiction,,,A faire,
,,,2,,Lieu,Mémorial,"A la fin du combat, après que les unités survivantes soient retournées à la Citadelle, vous pouvez reprendre en main, depuis votre défausse, une de vos unités qui à été tuée dans ce combat.","QG, Cimetière",,,A faire,
,0,0,4,,Unité,Mendiant,"A la fin de la phase de Combat, vous devez infliger 1 dommage à votre lieu QG",Déchu,,,A faire,
,1,0,3,,Unité,Mercenaire,Action: Payez 1OR pour donner +2FOR au Mercenaire jusqu'à la fin du tour. (Max2),"Infanterie, Jet",,,A faire,
,,,3,,Lieu,Merveille orchitectural,"En combat, si vous n'avez aucun défenseur dans ce lieu, chaques unités attaquantes a -1FOR jusqu'à la fin du combat.",Forteresse,,,A faire,
,1,,,,Événement,Miasme,"En combat, l'adversaire doit choisir pour chacune de ses unités dans ce combat, soit de lui infliger 1 dommage soit de la retourner dans la Citadelle de son contrôleur.","Sort, Magicien",,,A faire,
,0,,,,Bâtiment,Mine d'or,La première carte d'un tour que vous jouez vous coûte -1OR.,Montagne,,,A faire,
,0,,,,Bâtiment,Mine UR deux sang 35,"A la fin de la phase de Dette, mettez un compteur UR sur cette carte.
Action: En combat, défausser cette carte, chaque joueur choisi autant d'unité qu'il y a de compteur sur cette carte et les défausse.",Montagne,,,A faire,
,5,3,7,,Unité,Minotaure,,"Elite, Minotaure",Pugnace,,A faire,
,2,4,4,,Unité,Minotaure Maladroit,"Ne peut être assigné que en défense. En defense, lors de la résolution du combat si vous faites des dommages qui ne peuvent pas être subi par votre adversaire, vous devez vous les infliger (vos unités puis votre lieu puis votre deck etc.)",Minotaure,,,A faire,
Je vais raconter l'histoire de l'ésprit qui cherchait sa pièce d'or manquante,3,2,4,Oui,Unité,Mitch le conteur,"En combat, vos cartes événement coûtent +1OR pendant ce combat.","Compagnon, Temple",Mortel,,A faire,
,2,,,,Plan,Mobilisation,A l'instant: Cherchez dans votre deck 2 cartes avec un nom différent et révélez-les. Votre adversaire met une des deux cartes dans votre défausse et vous prenez l'autre en main.,Royaume,,,A faire,
Père Thierry dessine une rose sur la première page de son livre,0,,,,Bâtiment,Monastère,Arrive en jeu avec 3 compteurs moine. Action: Défaussez un compteur moine pour chercher dans votre deck une unité Compagnon et la mettre en main. (Max1),Temple,,,A faire,
,0,,,,Événement,Montrer l'exemple,"En combat, infligez 1 dommage sur une unité Officier ou Noble que vous contrôlez pour donner +1FOR à toutes vos unités dans le combat, jusqu'à la fin du combat.",Manoeuvre,,,A faire,
,1,,,,Équipement,Monture cerf,(UNITE) L'unité équipée gagne Cavalier et a +1FOR et +1PV,Créature,Rapide,,A faire,
je bondi sur ma proie comme un tigre,1,0,2,,Unité,Moustique,"En combat, toutes les unités adverses ont -1FOR dans ce combat.",Créature,Poison,,A faire,
,2,,,,Équipement,Mur d'os,"(LIEU) Une fois par tour, ignorez les 2 premiers dommages infligé au lieu équipé. A l'instant où le lieu équipé prends des dommages, défaussez le ~Mur d'os~.",Construction,Fragile,,A faire,
,0,,,,Équipement,Murs enchantés,"(LIEU A VOUS) A la fin de la phase de Combat, soignez 1 dommage du lieu équipé",Fortification,,,A faire,
,1,1,1,,Unité,Nain des Forêts,"En combat, si cette unité attaque ou défend un lieu Forêt, elle a +1FOR et+1PV",Mineur,,,A faire,
,1,1,1,,Unité,Nain des Montagne,"En combat, si cette unité attaque ou défend un lieu Montagne, elle a +1FOR +1PV",Mineur,,,A faire,
,1,,,,Bâtiment,Nature sauvage,"A la fin de la phase d'Organisation, mettez 1 compteur graine sur cette carte. Action: Si cette carte a 2 compteurs graine ou plus, défaussez-la pour cherchez dans votre deck une carte Nature et mettez la en jeu gratuitement.",Nature,,,A faire,
,,,3,,Lieu,Navire amiral,"Pour être assignées dans ce lieu, les unités Cavalier doivent subir 1 dommage.","QG, Lac",,,A faire,
,5,5,5,Oui,Unité,Noob Chigourat,"En combat, vos autres unités uniques (@) ont +1FOR et +1PV dans ce combat.","Pirate, Ancien",,,A faire,
,2,,,,Plan,Nuit étoilée,A l'instant: Cherchez dans votre deck une carte Dolmen révélez-la et prenez-la en main. En combat vos unités Esprit ont +1FOR jusqu'à la fin du combat.,Royaume,,,A faire,
Le soleil se lève tôt !,,,4,,Lieu,Oasis,Toutes vos unités Cavalier ont +1FOR en combat dans ce lieu,"QG, Désert",,,A faire,
,5,4,5,,Unité,Officier Supérieur,"Action: En combat, infligez 2 dommages à l'~Officier Supérieur~ pour faire rejoindre dans ce combat une unité depuis votre Citadelle ou depuis un autre combat encore non résolu. (Max1)","Seigneur, Officier",,,A faire,
Tu attaque à un contre trois ?!,1,,,,Événement,On est là pour jouer,Choisissez une unité puis révélez la carte du dessus de votre deck. L'unité choisie a +X FOR jusuq'à la fin du tour. X égale au coût en OR de la carte révélée. La carte révélée retourne au dessus de votre deck.,Chance,,,A faire,
Vous avez les mains glacée ma chère.,1,0,4,Oui,Unité,Oncle Dave,"En combat, Once Dave a +1FOR pour chaque unité Dolmen présentes dans le combat (max +3FOR)","Compagnon, Temple",Faiblesse,,A faire,
,2,3,2,,Unité,Orc berserk,"En combat, si l'adversaire contrôle plus d'unités que vous dans le combat, l' ~Orc berserk~ a +1FOR","Orc, Infanterie",,,A faire,
,3,3,4,,Unité,Orc brutal,Action: Défaussez une unité que vous contrôlez pour donner +3FOR à l'~Orc Brutal~ jusqu'à la fin de la phase. (Max1),Orc,,,A faire,
,2,1,4,,Unité,Orc enragé,"Action: En combat, infligez 1 dommage à l' ~Orc enragé~ pour lui donner +1FOR dans ce combat. (Max5)","Orc, Infanterie",,,A faire,
,2,3,3,,Unité,Orc maudit,"Quand vous jouez l'~Orc maudit~ depuis votre main, vous devez défausser 1 cartes de votre deck.",Orc,,,A faire,
,4,4,3,,Unité,Orc mortel,,"Orc, Officier",Mortel,,A faire,
,2,3,2,,Unité,Orc troupaille,,"Orc, Infanterie","Faiblesse, Précis",,A faire,
,4,4,4,,Unité,Orc zélé,"Action: En combat,  vous pouvez défausser ~L'orc zélé~ pour infliger X dommages à une unité adverse dans le combat, X étant la FOR de l'~Orc zélé~",Orc,,,A faire,
,2,,,,Événement,Orcan horror,"Infligez 2 dommages à une unité, ou 4 si vous défaussez 3 carte de votre deck.",Sort,,,A faire,
,1,,,,Équipement,Orcaniser les défenses,"(UNITE) En défense, l'unité équipée a +1FOR par attaquant que l'adversaire contrôle dans le combat.",Ordre,Rapide,,A faire,
Oust !,1,,,,Événement,Orcanisons-nous!,"Renvoyez en main une unité de coût X ou moins, X est égal au nombre d'unités Orc que vous contrôlez. Le coût de l'unité renvoyée en main ne peut pas être plus élévé que 2OR.",Manoeuvre,,,A faire,
,3,4,2,,Unité,Orcnitologue,"En combat, vous pouvez ignorer le premier dommage subi par l'~Orcnotologue~ jusqu'à la fin du combat. (Max1)",Orc,,,A faire,
,3,5,1,,Unité,Orcnitorynque,,"Déchu, Orc",Pugnace,,A faire,
,3,2,4,,Unité,Orctopédiste,Les dommages POISON subi par l'~Orctopédiste~ sont considérés comme nomaux,Orc,Poison,,A faire,
,0,,,,Équipement,Ordre de pillage,(UNITE A VOUS) L'unité équipée a +1FOR pour chaque lieu adverse ravagé,Ordre,"Rapide, Fragile",,A faire,
,2,,,,Plan,Ordres contradictoires,"A l'instant: Choisissez un trait, toutes les cartes possédant ce trait coûtent +1OR jusqu'à la fin du tour.",Stratégie,,,A faire,
Il n'y a plus de place pour faire des coches sur le mur.,0,,,,Bâtiment,Oubliette,Action: Payez un 1OR pour vider la boîte de texte imprimée d'une unité de coût de 2OR ou moins jusqu'à la fin de la phase. (Max2),"Construction, Secret",,,A faire,
,4,5,5,,Unité,Ours polaire putréfié,,Créature,"Faiblesse, Pugnace",,A faire,
,3,,,,Plan,Pâle copie,"Action: Choisissez une unité. Payez X-1OR pour remplacer jusqu'à la fin du tour, la valeur de FOR et les PV d'une de vos unités par les valeurs imprimées correspondante de l'unité choisie. X est égal au coût de l'unité choisie. (Max1)",Secret,,,A faire,
,3,,,,Plan,Panique !,A l'instant: Votre adversaire doit choisir une unité de coût 3OR ou moins et la tuer. Puis vous devez choisir une unité de coût 3OR ou moins et la tuer.,Malédiction,,,A faire,
,2,2,2,,Unité,Papa rat,Quand ~Papa rat~ arrive en jeu Vous pouvez aller chercher la carte ~Mama rat~ dans votre deck ou la défausse. Révélez-la et prenez-la en main.,"Créature, Horde",Poison,,A faire,
,1,2,2,,Unité,Patrouille orc,,Orc,Faiblesse,,A faire,
,0,,,,Bâtiment,Pâturage,A la fin de la phase de Combat Mettez un compteur miel sur cette carte. // Action: Défaussez 2 compteurs miel pour soigner jusqu'à 3 dommages parmi vos unités.,Nature,Pas d'équipement,,A faire,
,1,1,1,,Unité,Paysan,"Il faut 2 dommages de dette pour faire 1 dommage au Paysan. (si vous n'avez que le paysant en jeu et que vous devez subir que 1 dommage de dette, vous pouvez ignorer cet unique dommage de dette)",Infanterie,,,A faire,
,3,,,,Plan,Perdu,A l'instant: Choisissez une carte non plan. Videz la boîte de texte imprimé de la carte choisie jusqu'à la fin du tour. (excepté les traits),Secret,,,A faire,
,2,2,2,Oui,Unité,Père Thierry,"Au début de la phase de Combat, vous pouvez décider et annoncer à votre adversaire que le combat où Père Thierry est présent soit résolu en dernier. (si l'adversaire contrôle une carte ~Père Thierry~ l'effet est annulé)","Compagnon, Temple",,,A faire,
,5,,,,Plan,Perturbation des flux,Tous les événements joués ce tour coûtent à tous les joueurs +1OR ,Condition,,,A faire,
,6,,,,Plan,Peste,"En combat, toutes les unités ont -1FOR jusqu'à la fin du combat.",Malédiction,,,A faire,
,0,,,,Bâtiment,Petit coin de tranquillité,"Une fois par tour, la première carte que vous devez défausser de votre deck dû à un effet de carte est remise sous votre deck à la place de la défausse. (bonus de ravage et dommages de combat sont toujours appliqués)","Secret, Construction",,,A faire,
"Je ne le trouve plus ! Bon, au final ça vaut rien cette babiole.",1,1,2,Oui,Unité,Petit être fragile,"Quand le ~Petit être fragile~ entre en jeu, vous pouvez aller cherchez dans votre deck ou votre défausse une carte Babiole. Révélez-la et prenez-la en main.","Déchu, Résistant",,,A faire,
Le chef de nous ?,3,,,Oui,Bâtiment,Phare,Vos lieux sans boîte de texte imprimé ont +2PV,Construction,,,A faire,
,0,,,,Bâtiment,Phylactère,Action: Payer 1OR pour donner à une Créature le mot clé ETHERE Jusqu'à la fin de la phase. (max 1 par unité),"Construction, Amélioration",,,A faire,
,,,4,,Lieu,Pic Venteux,,"QG, Montagne",,,A faire,
Je me demande à quoi sert ce levier ?,2,,,,Équipement,Piège,"(LIEU A VOUS) Action: En combat, défaussez le ~Piège~ pour infliger 3 dommages à une unité adverse dans le combat.",Piège,Rapide,,A faire,
,3,2,4,,Unité,Pilleur,"Après la résolution d’un combat où le ~Pilleur~ a participé, après qu'il soit retourné à la Citadelle, gagnez 1OR",Cavalier,,,A faire,
,2,3,2,,Unité,Piquier,"En combat, s'il y a une unité Cavalier adverse présente, le ~Piquier~ a +1FOR jusqu'à la fin cu combat.","Infanterie, Elite",,,A faire,
,1,1,1,,Unité,Pixie,"Quand la ~Pixie~ quitte le jeu, vous pouvez mélange 1 carte de votre défausse dans votre deck. Puis mettez la ~Pixie~ hors de la partie.",Esprit,,,A faire,
,1,,,,Plan,Plaies infectées,"A l'instant: Toutes les unités en jeu qui ont au moins 1 dommage, subissent le même nombre de dommage qu'elles ont déjà sur elles.","Traîtrise, Magicien",,,A faire,
"A 2 c'est toujours mieux, non ?",4,,,,Plan,Plein aux AS,Votre première carte jouée ce tour vous coûte -1OR,Commerce,,,A faire,
,1,,,Oui,Bâtiment,Plus on est de fou...,"A chaque tour, la 4ème carte que vous jouez coûte -2OR",Caserne,,,A faire,
,0,,,,Équipement,Poignard de corruption,"(UNITE A VOUS) Action: En combat, donnez -2PV à une unité ETHERE et l'unité équipée ne compte pas sa force lors de la résolution du combat. (Max1)","Arme, Magicien",Rapide,,A faire,
,0,,,,Événement,Poison mortel,"Pour ce combat, vos dommages de POISON deviennent des dommages MORTEL",Alchimie,,,A faire,
,2,,,,Équipement,Poisse absolue,(UNITE) La valeur de FOR de l'unité équipée est toujours de 1 quelque soient les modificateurs,Malédiction,Fragile,,A faire,
,,,3,,Lieu,Port en eau chaude,"Après avoir joué une carte Commerce, vous pouvez gagner 1OR (Max1)",Lac,,,A faire,
,2,2,2,,Unité,Porte étendard,"En combat, vos unités Noble présentes dans le combat ont +1FOR et +1PV","Infanterie, Résistant",,,A faire,
,1,,,Oui,Bâtiment,Poste d'observation,Les cartes Manoeuvre que vous jouez coûtent -1OR.,Nature,,,A faire,
,0,,,,Bâtiment,Poste de tir,"Action: Payez 1OR pour retirer à une carte un trait, sauf le trait QG, jusqu'à la fin du tour. (Max3)",Construction,,,A faire,
,0,,,,Équipement,Potion de soins,"(UNITE) Si l'unité équipée devait subir un ou des dommages provenant d'un événement, vous pouvez défausser la ~potion de soins~ pour ignorer ces dommages.","Alchimie, Commerce",,,A faire,
Fire in the hole !,1,,,,Équipement,Potion explosive,"(UNITE A VOUS) Action: En combat, défaussez cette carte pour infliger 2 dommages à une unité adverse dans le combat.","Potion, Alchimie",,,A faire,
,2,,,,Événement,Pouvoir ancien,Infligez 2 dommages à une unité. Vous pouvez retirer de la partie 5 cartes de votre défausse pour infliger 1 dommage à une autre unité,Sort,,,A faire,
,,,3,,Lieu,Prairie des Héros,"Quand une unité dans ce lieu est tuée pendant un combat ou à la résolution du combat, elle va sous le deck de son propriétaire à la place de la défausse.",Plaine,,,A faire,
,7,,,,Plan,Précipitation,"Si vous avez l'initiative, aucun effet ne peut vous la prendre.",Stratégie,,,A faire,
,0,,,,Événement,Préparation empoisonnée,"En combat, donnez à une unité le mot clé POISON jusqu’à la fin du combat",Alchimie,,,A faire,
,,,3,,Lieu,Presqu'île de Palipoli,"Au début du combat dans ce lieu, si un joueur a deux ou plus unités présentes dans ce lieu, chaque unité qu'il contrôle doit subir 1 dommage.","Montagne, Désert",,,A faire,
,0,,,Oui,Bâtiment,Préteur sur gages,"Action: Défaussez un équipement non-Condition, non-Babiole que vous contrôlez, pour gagner 1OR ou 2OR si l'équipement est Bijou. (Max2)","Construction, Etat, Commerce",,,A faire,
,0,,,,Équipement,Printemps,"(LIEU Colline, Plaine) Au début la phase de Combat, toutes vos unités présentes dans ce lieu se soignent de 1 dommage.",Saison,Rapide,,A faire,
,4,,,,Plan,Problèmes logistique,Ce tour aucun ~Bonus de Ravage~ n'est reçu ou utilisable.,Condition,,,A faire,
Il me faut du minerai UR deux sang 35,1,1,1,Oui,Unité,Professeur Saint-Amour,Action: Mettez un compteur retraite sur ~Professeur Saint-Amour~ pour réduire le coût de votre prochain équipement joué ce tour de 1OR. Défaussez cette carte quand elle à 2 compteurs retraite ou plus sur elle.,"Seigneur, Erudit",,,A faire,
,X,,,,Événement,Projectile magique,Infligez X dommage à une unité. X est égal au coût que vous avez payez pour la carte Projectiles magiques,"Sort, Magicien",,,A faire,
,2,,,,Plan,Promotion,A l'instant: Cherchez dans votre deck une unité Officier. Révélez-la et prenez-la en main.,Royaume,,,A faire,
,6,,,,Plan,Punition,A l'instant: Chaque joueurs défausse une carte de sa main pour chaque carte Déchu qu'il contrôle.,Malédiction,,,A faire,
,3,,,,Plan,Quartier d'hiver,"Ce tour, les joueurs ne peuvent jouer que 3 cartes maximum de leur main.",Condition,,,A faire,
,1,,,,Événement,Rafistolage,Soignez un de vos lieux de 3 dommages,Secret,,,A faire,
,3,1,4,Oui,Unité,Ralther Wathenau,Action: Infligez 1 dommage à ~Ralther Wathenau~ pour réduire le coût de votre prochain bâtiment joué de 2OR. (Max1),"Noble, Seigneur",,,A faire,
Ce soir c'est ragout de lapin,2,1,3,Oui,Unité,Raphael le naturel,Action: Payez 1OR pour infliger 1 dommage à une unité Créature ou une unité Dolmen. (Max1),"Résistant, Temple",,,A faire,
,1,,,,Événement,Rasade de bière,"En combat, soignez une de vos unité totalement. Après le combat, avant que les unités survivantes retourent à la Citadelle, infligez à cette unité autant de dommages que vous avez soigné.",Secret,,,A faire,
,2,3,2,,Unité,Rat Géant,,Créature,Pugnace,,A faire,
,2,,,,Plan,Ravitaillement d'urgence,Action: Donnez +1FOR ou +1PV à une unité jusqu'à la fin du tour. (Max2),Tactique,,,A faire,
"C'est quoi ce bouton AZ5 ? Par sécurité, il faut tester cette instalations.",1,,,Oui,Bâtiment,Réaction Brutale Majeur Kury (RBMK),"A l'instant où une unité se trouve dans un de vos lieu, elle doit subir 1 dommage sur elle. Action: N'importe quel joueur peut défausser 4 cartes de son deck pour défausser la ~Réaction Brutale Majeur Kury (RBMK)~.","Construction, Etat",,,A faire,
,1,,,,Plan,Récolte fructueuse,A l'instant: Cherchez dans votre deck une carte Nature de coût de 2OR ou moins et révélez-la. Vous pouvez la prendre en main ou défausser les X premières cartes de votre deck pour la mettre en jeu gratuitement. X est égal au coût de la carte.,Royaume,,,A faire,
,2,,,,Plan,Reconstruction,A l'instant: Choisissez 3 cartes de votre défausse et mélangez les dans votre deck..,Royaume,,,A faire,
,0,,,,Événement,Reddition,"En combat, défaussez une de vos unités du combat, puis toutes les unités retournent dans la Citadelle de leur contrôleur.",Déchu,,,A faire,
,0,,,Oui,Bâtiment,Refuge,Toutes les unités ETHERE ont -1FOR,Temple,,,A faire,
,1,,,,Événement,Régénération,"Soignez 2 dommages d'une unité non-Mort-Vivant, non-Spectral. Ou infligez 2 dommages à une unité Mort-Vivant, Spectral ou ETHERE.","Sort, Magicien",,,A faire,
,2,2,2,Oui,Unité,Reine Fleure cuivrée,"Quand ~Rêne Fleure cuivrée~ arrive en jeu, vous pouvez soignez 2 dommages à une unité Créature que vous contrôlez","Résistant, Noble, Dolmen",,,A faire,
Mon maître cherche une babiole,3,3,3,,Unité,Reine Sorcière,Action: Infligez 1 dommage sur la ~Reine Sorcière~ pour défausser une carte Bijou en jeu.,"Spectral, Noble",Ethéré,,A faire,
,2,,,,Plan,Remboursement anticipé,"À la fin de chaque phase, on résout les dommages de dette comme en phase de Dette. Puis le pion OR est mis sur la case zéro.",Commerce,,,A faire,
,1,,,,Événement,Renfort,Cherchez 2 Gobelin dans votre défausse. Révélez-les et prenez-les en main,Secret,,,A faire,
,3,,,,Plan,Réorganisation,"A l'instant: Choisissez un de vos lieux et soignez 1 dommage du lieu choisi. Action: En combat, payez 1OR pour donner +2PV à une unité en défense jusqu'à la fin du combat dans le lieu choisi. (Max2)",Stratégie,,,A faire,
,0,,,,Bâtiment,Repère des insurgés,Action: Payez 1OR pour aller chercher dans votre deck une carte Rebelle. Révélez-la et mettez-la dans votre main. (Max1),Nature,,,A faire,
,1,,,,Bâtiment,Réserves Cachées,"Si des cartes de votre deck sont défaussées, prenez les en main à la place. A la fin du tour, votre limite de main est de 7 cartes, vous devez mettre vos cartes en surplus de 5 hors de la partie.",Construction,,,A faire,
,2X,,,,Événement,Résurrection,"Mettez en jeu dans votre Citadelle ou dans un lieu où il y a un combat encore non résolu une unité depuis votre défausse. Payez 2X, X est égal au coût de l'unité mise en jeu.",Dolmen,,,A faire,
,0,,,,Événement,Retardé,Retirez tous les compteurs d'une carte qui en a au moins un.,Secret,,,A faire,
,5,,,,Plan,Rien ne va plus !,"L'effet ""A l'instant :..."" du plan de votre adversaire ne peut pas être résolu",Malédiction,,,A faire,
,0,,,,Bâtiment,Rituel d'amélioration,Action: Payer 1OR pour donnez à une unité Créature le mot clé PRECIS Jusqu'à la fin de la phase.,"Amélioration, Rituel",,,A faire,
,0,,,,Bâtiment,Rituel de force,"Action: En combat, payez 1OR pour donner à X unités Mort-Vivant +1FOR (Max 3 unités). X est égal au nombre de Mort-Vivant que vous contrôlez dans le combat. (Max1)","Amélioration, Rituel",,,A faire,
,,,4,,Lieu,Rivière souterraine,,Souterrain,,,A faire,
Le piège de la bataille de Torgarmen,1,,,,Équipement,Rochers et troncs d'arbre,"(LIEU A VOUS) Action: En combat, défaussez le ~Rochers et troncs d'arbre~, puis votre adversaire doit répartir 3 dommages parmi ses unités présentes dans le combat.",Piège,Rapide,,A faire,
,5,4,7,Oui,Unité,Roi Balavus,"~Roi Balavus~ ne peut pas être assigné en attaque. Quand ~Roi Balavus~ défend dans un lieu Forêt, il gagne POISON jusqu'à la fin du combat et PUGNACE jusqu'à la fin de la phase.","Temple, Forestier, Seigneur",,,A faire,
,4,2,6,Oui,Unité,Roi Tamakvak,Action: En phase de Dette mettez un dommage sur le ~Roi Tamakvak~ pour mettre en jeu (en payant le coût) une carte Officier depuis votre deck ou votre défausse.,"Noble, Seigneur",,,A faire,
,2,1,4,,Unité,Ronces animées,"En combat dans un lieu Forêt, Les ~Ronces animées~ ont +2FOR",Inflammable,,,A faire,
,0,,,Oui,Bâtiment,Rûche,"Action: En combat. Si vous contrôlez une unité Créature dans le combat, payez 1OR pour donner -1FOR et -1PV à une unité adverse jusqu'à la fin du combat. (Max1)",Nature,,,A faire,
On a recu la directive 227. On ne recule pas !,,,3,,Lieu,Ruines de Zaline Garde,Vos unités Pirate et Officier gagnent MORTEL en combat dans ce lieu,"QG, Plaine",,,A faire,
J'ai vu tois hommes passer par ce désert. Ils cherchaient un cimetière où il y a des pièces d'or.,,,2,,Lieu,Sables brûlants,"Pour qu'une unité soit assignée en attaque dans ce lieu, elle doit pouvoir subir 1 dommage avant d'être placée dans ce lieu.","Désert, QG",,,A faire,
,,,2,,Lieu,Sables mouvants,"Quand ce lieu est ravagé, après que les unité survivantes soient retournées à la Citadelle. Votre adversaire choisi une de ses unités survivantes et la défausse.","Désert, QG",,,A faire,
,0,,,,Équipement,Sabotage,"(BATIMENT) A la fin de la phase d'Organisation, mettez un compteur sabotage sur la carte Sabotage. Si il y a 2 compteurs sabotage ou plus, détruisez le bâtiment équipé",Condition,"Fragile, Rapide",,A faire,
,4,,,,Plan,Saisie,"A la fin de la phase d'Organisation, gagnez 1OR par bâtiment que votre adversaire contrôle dans sa Citadelle. (Max +3OR)",Commerce,,,A faire,
,2,3,2,,Unité,Sanglier chargeur,"En combat, le ~Sanglier chargeur~ a +1FOR en attaque jusqu'à la fin du combat",Créature,,,A faire,
,1,,,,Événement,Sapeur,Défaussez une carte non-unité Fortification du jeu.,Manoeuvre,,,A faire,
,3,3,3,,Unité,Sapeur Nain,"En combat, s’il y a une carte Fortification adverse présente dans le combat cette unité a +2FOR","Mineur, Infanterie",,,A faire,
,1,2,1,,Unité,Scout,"Action: En combat, le ~Scout~ peut retourner dans la Citadelle de son propriétaire.",Infanterie,,,A faire,
,2,1,3,Oui,Unité,Seb le Kutulist,"Action: Choisissez une unité, elle perd le mot clé FAIBLESSE et ne peut pas l’avoir jusqu'à la fin du tour. (Max2)","Compagnon, Temple",,,A faire,
,4,,,,Plan,Sécheresse,Tous les bâtiments ont leur boîte de texte imprimée vidée. (A l'exception des traits),Malédiction,,,A faire,
,5,4,4,,Unité,Seigneur Vampire,"Action: En combat, infligez 1 dommage à une unité présente dans le combat, puis si possible soignez le ~Seigneur Vampire~ de 1 dommage.","Mort-Vivant, Seigneur",,,A faire,
,4,4,4,Oui,Unité,Short Gold,"En combat, quand ~Short Gold~ attaque ou défend dans un lieu Lac il a +1FOR et +1PV. Quand ~Short Gold~ attaque ou défend dans un lieu Désert il a -1FOR et -1PV.","Pirate, Magicien",,,A faire,
,,,3,,Lieu,Silo à grain,"Dans ce lieu, il ne peut y avoir que 2 unités assignées en attaque et une seule en défense. L'unité en défense a +1PV et gagne MORTEL. (Si il y a plus d'unités que permis, il faut immédiatement que le contrôleur retoune les unités en trop à sa Citadelle)","QG, Plaine",,,A faire,
,0,,,,Bâtiment,Soins de combat,Action: Mettez 3 cartes de votre défausse hors de la partie pour soignez 1 dommage à une unité. (Max2),Rituel,,,A faire,
,1,,,,Événement,Soins Majeur,Soignez 2 dommages d'une unité ou 4 dommages si l'unité est Noble ou Officier.,Sort,,,A faire,
,0,,,,Événement,Soins Mineur,Soignez 2 dommages d'une unité.,Sort,,,A faire,
,2,,,,Plan,Sois un homme mon fils !,"A l'instant: Cherchez dans votre deck une unité Temple, révélez-la et prenez-la en main. En combat, vos unités Ethere on +1FOR jusqu'à la fin du combat.",Royaume,,,A faire,
,1,1,2,,Unité,Soldat,,Infanterie,,,A faire,
Il faut que je parle à mon fils.,5,5,4,Oui,Unité,Sombre Seigneur,"Action: En combat, payez 1OR pour vider la boîte de texte imprimée d'une unité présente dans le combat jusqu'à la fin de la phase de Combat. (Max1)","Seigneur, Mort-Vivant",,,A faire,
,3,3,4,,Unité,Sous officier,,Résistant,,,A faire,
Préparez du 16 pouces !,2,,,,Équipement,Soutien côtier,(LIEU Lac) // Le lieu équipé a +2FOR,Arme,,,A faire,
,2,2,2,,Unité,Spectre des mines,Toutes les unités présentes dans le combat du  ~Spectre des mines~ perdent le trait imprimé Magicien jusqu'à la fin du combat,Spectral,Ethéré,,A faire,
,0,,,,Bâtiment,Stock de munition,Le ~stock de munition~ arrive en jeu avec 3 compteur stock. Action: retirez 1 compteur stock pour donner +1FOR à une unité Jet jusqu'à la fin du tour. (Max1),Construction,,,A faire,
,2,,,,Événement,Stop,"Choissisez un lieu. Si le lieu choisi contient au moins 1 unité de chaque joueur, plus personne ne peut assigner d'unités dans ce lieu jusqu'à la fin de la phase.",Manoeuvre,,,A faire,
,0,,,,Événement,Submersion,"Quand vous utilisez un bonus de ravage vous pouvez défausser un batiment, un équipement ou 2 cartes du deck de votre adversaire",Tactique,,,A faire,
,2,1,3,,Unité,Suivante de la Nature,Action: Défaussez la ~Suivante de la nature~ pour soigner 2 dommages à une de vos unités.,"Nature, Dolmen",,,A faire,
,2,2,2,,Unité,Suivante du Crépuscule,"Quand la ~Suivante du Crépuscule~ quitte le jeu, votre adversaire perd 2OR","Crépuscule, Dolmen",,,A faire,
Aujourd'hui père Thierry est avec nous,1,1,1,,Unité,Supplétif,"En combat, le ~Supplétif~ a +1FOR et +1PV quand il y a une autre unité que vous contrôlez présente dans le combat avec le ~Supplétif~.",Infanterie,,,A faire,
Les caisses sont vides !,3,,,,Plan,Surendettement,Action: Payez 1OR pour défausser la première carte du deck de votre adversaire. (Max3),Commerce,,,A faire,
,2,,,,Événement,Surprise Gobeline,"Dans un combat ou vous êtes attaquant, mettez en jeu un Gobelin de votre défausse de coût 3OR ou moins, participant dans le combat. S'il est encore en jeu à la fin du combat, il est défaussé.",Manoeuvre,,,A faire,
Il y a un de ces système installe près de la ville de Bribiatte,0,,,Oui,Équipement,Système AZ5,"(UNITE, BATIMENT) Après que la carte équipée déclenche son habilité (Action: …) défaussez la.","Piège, Condition",Rapide,,A faire,
,0,,,,Équipement,Talisman de la variance,"(UNITE A VOUS) Action: Prenez une carte au hasard dans la main de votre adversaire sans la révéler et mettez-la sous le deck de votre adversaire, puis votre adversaire pioche une carte. (Max1)","Bijou, Commerce",Rapide,,A faire,
"Yacine le disciple n'est pas en règle, Je vais lui envoyer une missive.",2,2,2,,Unité,Taxateur,Quand le Taxateur arrive en jeu vous pouvez chercher dans votre deck une carte Impôt ou Etat. Révélez-la et la prenez-la en main.,Erudit,Mortel,,A faire,
,3,,,,Plan,Taxidermiste,"En phase d'Organisation, vous pouvez jouer jusqu'à 2 unités Mort-Vivant de votre défausse comme s'ils étaient dans votre main.",Stratégie,,,A faire,
,3,,,,Événement,Téléportation,"En phase de combat, choisissez une unité et placez la dans un lieu où il y a un combat encore non résolu.",Rituel,,,A faire,
,1,,,,Plan,Tempête,"Vous pouvez assigner un maximum de 3 unités en attaque durant la phase d'Assignation. Jusqu'à la fin du combat, vos unités en attaque ont +2FOR.",Condition,,,A faire,
,,,3,,Lieu,Temple ancien,"En combat, toutes vos unités dans ce lieu gagne POISON jusqu'à la fin du combat.",Marais,,,A faire,
,3,,,,Bâtiment,Temple d'invincibilité,"Au début d'une phase choisissez une unité. Jusqu'à la fin de cette phase, l'unité choisie ne peut pas subir le dernier point dommage qui la tuerait. (Max1) (Elle peut subir des dommages, mais le dernier point de dommage léthal est ingoré) ",Temple,,,A faire,
,,,3,,Lieu,Temple de l'Aube,Les unités ETHERE ne peuvent pas être assignées en combat dans ce lieu,"QG, Temple",,,A faire,
,2,,,Oui,Bâtiment,Temple des Dieux,Action: Prenez en main une carte Résistant depuis votre défausse. (Max1),"Construction, Temple",,,A faire,
,1,,,Oui,Bâtiment,Temple Vaudou,"Quand une unité adverse arrive en jeu, infligez lui 1 dommage et mettez un compteur Vaudou sur ce bâtiment. 
Au moment où ce bâtiment a 3 compteurs ou plus, défaussez le.",Temple,,,A faire,
,,,2,,Lieu,Tente de commandement,Une fotification jouée sur ce lieu vous coute -1OR. Vos carte Manoeuvre jouées en combat sur ce lieu vous coutent -1OR,"QG, Colline",,,A faire,
,0,,,Oui,Bâtiment,Terrain miné,La première unité jouée par l'adversaire à chaque tour subi 1 dommage,"Malédiction, Construction",,,A faire,
,0,,,,Équipement,Terre brûlée,"(LIEU A VOUS) Action: En combat, défaussez ~Terre brulée~, puis ravagez votre lieu pour tuer toutes les unités présentes dans le combat.",Alchimie,Rapide,,A faire,
En mémoire de tous les héros tombé au combat.,,,3,,Lieu,Terre sacrée,"En combat dans ce lieu, vos unités ETHERE ont +2FOR  jusqu'à la fin du combat.",Cimetière,,,A faire,
Ah ! Cyrille vient d'arriver,1,,,,Bâtiment,Thermes,"Action: Si vous contrôler un lieu Montagne, donnez à une unité Temple +1FOR jusqu'à la fin du tour (Max1). // Action: Si vous contrôler un lieu Lac, donnez à unités Dolmen +1PV jusqu'à la fin du tour. (Max1)",Construction,,,A faire,
,1,,,,Plan,Tireur d'élite,A l'instant: Cherchez dans votre deck une carte Jet. Révélez-la et prenez-la en main. Vos unités Jet ont +1FOR jusqu'à la fin du tour.,Royaume,,,A faire,
,0,,,,Équipement,Titres et honneurs,(UNITE) l'unité équipée gagne le trait Noble et Seigneur,Etat,Rapide,,A faire,
,2,,,,Équipement,Toile d'araignée,(UNITE) L'unité équipée ne peut pas être assignées en attaque.,Condition,Fragile,,A faire,
,4,,,,Plan,Tombée de la nuit,"A l'instant: Choisissez jusqu' à deux unités Dolmen, elles ont +1FOR et +1PV jusqu'à la fin du tour.",Stratégie,,,A faire,
,0,,,,Bâtiment,Tombes des Anciens,"Au début de laphase de Dette, mettez un compteur tombe sur cette carte. Action: En phase de Dette, s'il y a 2 compteurs tombe ou plus sur cette carte, défaussez la pour ignorer tous les dommages de dette que vous devriez subir ce tour.","Construction, Temple",,,A faire,
,2,,,,Événement,Tonnelet de poudre,"En combat, défaussez une de vos unités non-ETHERE du combat pour tuer une unité non-ETHERE adverse du combat.",Alchimie,,,A faire,
,0,,,,Équipement,Topographe,(LIEU) Le lieu équipé perd ses traits non-QG,Erudit,"Fragile, Rapide",,A faire,
,2,2,3,,Unité,Tour d'assaut,"En combat, Si une Fortification adverse est présente dans le combat, la ~Tour d'assaut~ a +3PV. 
La ~Tour d'assaut~ ne peut pas défendre.","Inflammable, Machine, Elite",,,A faire,
,1,,,,Équipement,Tour de Guet,"(LIEU, non-Souterrain) Quand le lieu équipé avec la ~Tour de guet~ est attaqué, toutes les unités qui veulent attaquer ce lieu, doivent être assignées en une fois et en même temps.",Construction,Rapide,,A faire,
,1,,,Oui,Bâtiment,Tour de la désolation,Quand vous utilisez un bonus de ravage vous pouvez défausser : un batiment ou un équipement ou 2 cartes du deck de votre adversaire. (Max1),"Construction, Temple",,,A faire,
,0,,,,Bâtiment,Tour des Mystères,Action: Payez 1OR pour donner un trait de votre choix à une unité jusqu'à la fin du tour. (Max2),Construction,,,A faire,
,1,,,,Équipement,Tout le monde garde son calme,Le lieu équipé a +3PV pour chaque autre lieu ravagé que vous possédez,"Ordre, Fortification","Fragile, Rapide",,A faire,
,3,,,,Plan,Tout se passe comme prévu,Les joueurs ne peuvent pas jouer de carte événement,Stratégie,,,A faire,
,1,,,,Équipement,Tranchée,"(LIEU, non-Souterrain) le lieu équipé a +1FOR et +1PV",Fortification,Rapide,,A faire,
,2,,,,Équipement,Traumatisme,(UNITE) L'unité équipée ne peut pas être assignée en défense. Pour être assignée en attaque elle doit subir 1 dommage.,Condition,Fragile,,A faire,
,2,1,4,,Unité,Trébuchet,"En combat, si une Fortification adverse est présente dans le combat, le Trébuchet a +3FOR. // Le Trébuchet ne peut pas défendre.","Machine, Inflammable",Pas d'équipement,,A faire,
,4,,,,Plan,Tremblement de terre,A l'instant: Chaque joueur doit défausser une carte Fortification ou une carte Construction qu'il contrôle.,Malédiction,,,A faire,
,0,,,,Équipement,Trident de la désolation,"Quand vous attaquez un lieu non-ravagé, si vous le ravagez, pour chaque dommage non attribué en surplus, défaussez une carte du deck de votre adversaire.","Arme, Magicien",Rapide,,A faire,
,5,4,6,,Unité,Troll des montagnes,Les dommages POISON et MORTEL subi par le ~Troll des montagnes~ sont concsidérés comme mormaux,"Créature, Troll",Pas d'équipement,,A faire,
,4,2,2,,Unité,Trollounet,Son coût est réduit de 1or pour chaque Gobelin que vous contrôlez en jeu (coût minimum de 1OR),"Troll, Magicien",Pugnace,,A faire,
,2,4,3,,Unité,Trorc,"Quand le ~Trorc~ et joué depuis votre main, infligez 3 dommages à vos lieux, réparti comme vous le souhaitez",Orc,Mortel,,A faire,
,3,3,3,,Unité,Troupe de choc,Quand la ~Troupe de choc~ arrive en jeu vous pouvez chercher dans votre deck ou votre défausse une carte Fortification. Révélez-la et la prenez-la en main.,"Elite, Infanterie",Pugnace,,A faire,
Frère Jean à Père Thierry: Tu as vu la nouvlle déscision de la ville ?,1,,,,Événement,Tu as décidé de m'énerver,Action: Choisissez une unité puis révélez la carte du dessus de votre deck. L'unité choisie a -X FOR jusuq'à la fin du tour. X égale au coût en OR de la carte révélée. La carte révélée retourne sur le dessus du deck,Chance,,,A faire,
"Sur les jambes, c'est là où c'est le plus douloureux",2,,,,Événement,Tu as les mains froides,Infligez 2 dommages à une unité ou 1 dommage à deux unités différentes.,"Secret, Magicien",,,A faire,
,1,,,,Événement,Tuez les Morts Vivants,"Tuez une unité Mort-Vivant, Spectral, Esprit ou ETHERE de coût 2 ou moins","Sort, Magicien",,,A faire,
,,,3,,Lieu,Tunnel sous la Montagne,"En combat dans ce lieu, vos unités Mineur ont +1FOR jusqu'à la fin du combat.","Montagne, Souterrain",,,A faire,
,0,,,,Événement,Un peu plus,En combat: Infligez 1 dommage à un lieu non-ravagé. Ce dommage ne peut pas ravager ce lieu.,Rituel,,,A faire,
Il faut qu'on revoit certains département. Il y en a beacoup d'inutile.,1,,,,Bâtiment,Université,"A la fin de la phase de Dette, soignez jusqu'à deux unités Erudit, de 1 dommage.",Temple,,,A faire,
,2,,,,Plan,Usure,"Action: Payez 1OR pour vider la boîte de texte imprimée, à l'exeption des traits, d'un bâtiment ou d'une unité jusqu'à la fin du tour. (Max2)",Stratégie,,,A faire,
,1,3,3,,Unité,Usurier,"Après que vous ayez subi des dommages de dette pendant la résolution des dettes et si l'~Usurier~ est toujours en jeu, infligez vous 2 dommages.","Impôt, Déchu",Pas d'équipement,,A faire,
,,1,3,,Lieu,Vallée des Morts,,Désert,,,A faire,
,3,2,3,,Unité,Vampire en chasse,Le ~Vampire en chasse~ peut être joué depuis la défausse comme s'il était dans votre main.,Vampire,,,A faire,
"Il ne crait qu'une chose, c'est le chasseur de vampires avec son fouet.",2,2,3,,Unité,Vampire impétueux,"En combat, ~Vampire impétueux~ a +1 PV pour chaque autre Vampire que vous contrôlez dans le combat présent.","Vampire, Apprenti",,,A faire,
,1,,,,Événement,Vengeance acide,"A la fin d'un combat et après que les survivants soient retournés à la Citadelle de leur contrôleur, l'adversaire défausse 2 cartes de son deck pour chacun de vos Gobelin qui a été tués dans le combat. (Max 4 cartes)",Sort,,,A faire,
,2,2,3,,Unité,Vétéran,,"Résistant, Elite",,,A faire,
Dans le doute j'attaque,2,2,2,Oui,Unité,Vincent l'apprenti,~Vincent l'apprenti~ en attaque a +2FOR. En défense il a -2FOR,"Compagnon, Temple",,,A faire,
,1,,,,Plan,Visite à la cour,"A l'instant: Cherchez dans votre deck une carte Noble ou Seigneur dans votre deck, révélez-la et prenez-la en main. Vos cartes Armure et Arme coûtent -1OR.",Royaume,,,A faire,
,3,,,,Plan,Visite au laboratoire,"A l'instant: Votre adversaire peut chercher dans son deck une carte Alchimie. Puis, vous pouvez chercher dans votre deck une carte Alchimie. Les joueurs révèlent leur carte et la prenne en main.",Royaume,,,A faire,
,1,,,,Plan,Visite des écuries,A l'instant : Cherchez dans votre deck une unité Cavalier. Révélez-la et prenez-la en main. Toutes vos unités Cavalier on +1FOR jusqu'à la fin du tour.,Royaume,,,A faire,
,1,0,1,,Unité,Voblin goleur,"Action: Payez 2OR, l'adversaire défausse une carte au hasard de sa main. (Max1)",Gobelin,,,A faire,
,1,,,,Événement,Volée de flèches,"Si une carte Jet est présente dans le combat, ajoutez au calcul final +2FOR lors de la résolution du combat. (ces +2 sont des dommage normaux et non-PRECIS).",Manoeuvre,,,A faire,
,1,3,3,,Unité,Voleur,"Fin phase de Combat, votre adversaire gagne 2OR.",Déchu,,,A faire,
,X,,,,Événement,Vortex,Payez X# et prenez le contrôle d'un batiment en jeu et mettez le dans votre Citadelle. A la fin du tour le propriétaire du bâtiment reprend le controle de son bâtiment,Rituel,,,A faire,
"En avant les amis, la 7e Souris blindée est déjà au combat.",3,2,2,Oui,Unité,Waly Défense Fortifiée (WDF),En défense ~Waly Défense Fortifiée (WDF)~  a +2PV et gagne PUGNACE jusqu'à la fin de la phase.,"Temple, Ordre, Elite",Mortel,,A faire,
,3,1,3,,Unité,Witch,"Action: En combat, retirez 1 dommage à une de vos unités dans le combat, puis mettez ce dommage sur une unité ennemie aussi dans le même combat. (Max1)",Magicien,,,A faire,
"Le taxateur me chercher, il ne me trouvera jamais dans ce temple. Personne vient chez B'Tooloo",2,2,2,Oui,Unité,Yacine disciple de l’Anarchie,Action: Payez 2OR pour prendre le jeton initiative. (Max1),"Temple, Impôt, Etat",,,A faire,
,1,0,2,,Unité,Zombie,"En combat, le ~Zombie~ a +1FOR jusqu'à la fin du combat pour chaque Mort-Vivant que vous contrôlez dans le combat. (max +3FOR)","Horde, Mort-Vivant",,,A faire,
,1,,,,Plan,Zone Offensive Compliquée (ZOC),"A l'instant: Cherchez dans votre deck une carte Piège ou Fortification de coût 2OR ou moins et mettez la en jeu gratuitement. Si vous avez mis une carte en jeu avec cet effet, défaussez une carte de votre main ou de votre deck. ",Royaume,,,A faire,